Value,Test
20.079,734868
20.079,734869
21.023,734870
21.17,734871
21.234,734872
21.446,734873
21.252,734874
21.252,734875
21.37,734876
22.047,734877
22.297,734878
22.22,734879
22.221,734880
22.118,734881
22.118,734882
22.267,734883
21.659,734884
21.251,734885
21.276,734886
20.988,734887
21.323,734888
21.323,734889
21.526,734890
21.783,734891
21.969,734892
22.323,734893
21.916,734894
22.68,734895
22.68,734896
22.819,734897
24.526,734898
24.256,734899
25.187,734900
28.389,734901
29.171,734902
29.171,734903
30.171,734904
34.169,734905
39.298,734906
33.721,734907
28.232,734908
28.785,734909
28.785,734910
27.468,734911
23.743,734912
23.062,734913
23.608,734914
23.606,734915
23.709,734916
23.709,734917
23.933,734918
23.404,734919
23.409,734920
23.93,734921
24.01,734922
23.822,734923
23.822,734924
23.956,734925
24.602,734926
24.313,734927
23.888,734928
23.666,734929
23.448,734930
23.448,734931
23.78,734932
23.693,734933
23.675,734934
23.679,734935
24.064,734936
24.243,734937
24.243,734938
24.375,734939
23.968,734940
23.748,734941
24.558,734942
24.328,734943
24.029,734944
24.029,734945
24.419,734946
24.975,734947
24.967,734948
24.597,734949
23.917,734950
22.424,734951
22.424,734952
22.766,734953
22.983,734954
23.236,734955
23.677,734956
23.506,734957
23.82,734958
23.82,734959
25,734960
24.952,734961
24.891,734962
24.493,734963
24.78,734964
24.78,734965
24.78,734966
24.78,734967
24.758,734968
24.656,734969
24.709,734970
25.117,734971
25.112,734972
25.112,734973
25.289,734974
25.173,734975
25.124,734976
25.093,734977
24.718,734978
24.848,734979
24.848,734980
24.937,734981
25.059,734982
24.499,734983
24.266,734984
24.152,734985
24.311,734986
24.311,734987
24.405,734988
25.192,734989
25.629,734990
25.554,734991
25.107,734992
25.183,734993
25.183,734994
25.183,734995
25.159,734996
24.543,734997
24.779,734998
24.906,734999
24.725,735000
24.725,735001
24.817,735002
24.78,735003
24.878,735004
24.609,735005
24.542,735006
23.615,735007
23.615,735008
23.757,735009
23.243,735010
22.792,735011
23.152,735012
23.084,735013
22.931,735014
22.931,735015
23.005,735016
23.57,735017
23.737,735018
23.267,735019
23.326,735020
22.998,735021
22.998,735022
22.998,735023
22.998,735024
23.036,735025
23.737,735026
23.795,735027
23.484,735028
23.484,735029
23.654,735030
23.828,735031
24.002,735032
23.981,735033
23.775,735034
23.523,735035
23.523,735036
23.588,735037
23.915,735038
23.668,735039
23.707,735040
23.701,735041
23.75,735042
23.75,735043
23.786,735044
23.75,735045
23.954,735046
23.969,735047
23.89,735048
23.743,735049
23.743,735050
23.993,735051
24.263,735052
24.652,735053
24.803,735054
24.94,735055
25.054,735056
25.054,735057
25.241,735058
25.498,735059
24.706,735060
24.581,735061
24.526,735062
24.629,735063
24.629,735064
24.711,735065
24.374,735066
24.382,735067
23.994,735068
23.815,735069
23.908,735070
23.908,735071
23.985,735072
23.693,735073
23.774,735074
23.858,735075
23.875,735076
23.513,735077
23.513,735078
23.743,735079
23.807,735080
23.78,735081
23.68,735082
23.386,735083
22.856,735084
22.856,735085
23.111,735086
22.999,735087
23.15,735088
23.59,735089
23.782,735090
23.907,735091
23.907,735092
24.066,735093
24.576,735094
24.663,735095
24.382,735096
23.617,735097
23.352,735098
23.352,735099
23.821,735100
24.712,735101
24.659,735102
24.606,735103
24.817,735104
24.375,735105
24.375,735106
24.375,735107
24.58,735108
24.616,735109
24.559,735110
24.721,735111
24.689,735112
24.689,735113
24.857,735114
25.763,735115
25.733,735116
25.692,735117
25.858,735118
25.652,735119
25.652,735120
25.758,735121
25.631,735122
25.597,735123
25.635,735124
25.805,735125
25.865,735126
25.865,735127
26.021,735128
26.061,735129
25.759,735130
25.742,735131
25.763,735132
26.003,735133
26.003,735134
25.99,735135
25.603,735136
25.758,735137
25.708,735138
25.686,735139
25.469,735140
25.469,735141
25.831,735142
25.775,735143
25.969,735144
25.925,735145
25.852,735146
25.825,735147
25.825,735148
26.007,735149
26.332,735150
26.586,735151
26.765,735152
26.498,735153
26.316,735154
26.316,735155
26.442,735156
26.251,735157
26.26,735158
26.227,735159
26.434,735160
26.613,735161
26.613,735162
26.693,735163
27.242,735164
27.574,735165
27.535,735166
27.228,735167
27.714,735168
27.714,735169
27.851,735170
27.845,735171
27.847,735172
27.279,735173
26.882,735174
26.706,735175
26.706,735176
27.033,735177
26.767,735178
26.86,735179
27.065,735180
26.872,735181
26.819,735182
26.819,735183
26.983,735184
27.07,735185
27.129,735186
27.138,735187
27.261,735188
27.209,735189
27.209,735190
27.314,735191
27.329,735192
27.379,735193
27.386,735194
27.458,735195
27.425,735196
27.425,735197
27.57,735198
27.431,735199
27.469,735200
27.498,735201
27.459,735202
27.517,735203
27.517,735204
27.561,735205
27.827,735206
28.042,735207
28.575,735208
28.256,735209
28.203,735210
28.203,735211
28.283,735212
27.865,735213
27.734,735214
27.799,735215
27.337,735216
27.195,735217
27.195,735218
27.304,735219
27.164,735220
27.192,735221
27.218,735222
27.02,735223
26.684,735224
26.684,735225
26.751,735226
26.345,735227
26.345,735228
26.382,735229
26.186,735230
25.943,735231
25.943,735232
26.014,735233
26.011,735234
26.209,735235
26.093,735236
26.239,735237
26.244,735238
26.244,735239
26.531,735240
27.233,735241
27.007,735242
27.401,735243
27.207,735244
27.01,735245
27.01,735246
27.281,735247
26.968,735248
26.78,735249
27.275,735250
27.571,735251
26.71,735252
26.71,735253
26.777,735254
26.165,735255
26.364,735256
26.871,735257
26.419,735258
25.716,735259
25.716,735260
25.876,735261
25.888,735262
25.628,735263
25.585,735264
25.432,735265
25.599,735266
25.599,735267
25.662,735268
25.985,735269
25.904,735270
25.85,735271
25.838,735272
26.119,735273
26.119,735274
26.19,735275
25.898,735276
26.169,735277
26.163,735278
26.288,735279
26.015,735280
26.015,735281
26.155,735282
25.879,735283
25.989,735284
25.742,735285
26.027,735286
26.561,735287
26.561,735288
26.628,735289
27.011,735290
27.118,735291
26.837,735292
26.765,735293
26.74,735294
26.74,735295
26.8,735296
27.515,735297
27.282,735298
27.169,735299
27.393,735300
27.176,735301
27.176,735302
27.629,735303
28.993,735304
32.852,735305
33.785,735306
29.314,735307
27.867,735308
27.867,735309
28.023,735310
29.006,735311
31.7,735312
33.663,735313
34.279,735314
34.19,735315
34.19,735316
34.58,735317
37.781,735318
39.391,735319
36.723,735320
34.38,735321
34.38,735322
34.38,735323
34.38,735324
34.209,735325
30.97,735326
31.962,735327
32.515,735328
31.607,735329
31.607,735330
32.266,735331
29.417,735332
28.494,735333
28.046,735334
27.62,735335
27.347,735336
27.347,735337
27.324,735338
27.067,735339
26.944,735340
26.846,735341
26.715,735342
26.679,735343
26.679,735344
26.759,735345
26.495,735346
26.471,735347
26.572,735348
26.636,735349
26.593,735350
26.593,735351
26.672,735352
26.622,735353
26.552,735354
26.585,735355
26.437,735356
26.42,735357
26.42,735358
26.42,735359
26.443,735360
26.434,735361
26.251,735362
26.217,735363
26.084,735364
26.084,735365
26.187,735366
26.409,735367
26.364,735368
26.476,735369
26.588,735370
26.572,735371
26.572,735372
26.569,735373
26.857,735374
27.088,735375
27.311,735376
27.512,735377
27.167,735378
27.167,735379
27.167,735380
27.276,735381
27.006,735382
27.084,735383
26.705,735384
26.755,735385
26.755,735386
27.034,735387
26.712,735388
26.481,735389
26.345,735390
26.087,735391
25.894,735392
25.894,735393
26.091,735394
26.03,735395
26.327,735396
26.402,735397
26.334,735398
26.278,735399
26.278,735400
26.29,735401
26.305,735402
26.089,735403
26.256,735404
26.355,735405
26.078,735406
26.078,735407
26.24,735408
26.131,735409
26.091,735410
26.013,735411
25.977,735412
25.799,735413
25.799,735414
25.989,735415
26.109,735416
26.259,735417
26.338,735418
26.223,735419
25.916,735420
25.916,735421
26.1,735422
26.1,735423
26.165,735424
26.274,735425
26.295,735426
25.978,735427
25.978,735428
26.187,735429
26.037,735430
25.907,735431
25.944,735432
26.054,735433
25.851,735434
25.851,735435
26.047,735436
25.983,735437
26.094,735438
26.117,735439
26.122,735440
25.687,735441
25.687,735442
25.921,735443
25.995,735444
25.827,735445
25.925,735446
25.537,735447
24.706,735448
24.706,735449
25.167,735450
25.191,735451
25.416,735452
25.86,735453
25.84,735454
25.643,735455
25.643,735456
25.776,735457
25.567,735458
25.52,735459
25.734,735460
25.794,735461
25.395,735462
25.395,735463
25.594,735464
25.633,735465
25.614,735466
25.624,735467
25.711,735468
25.344,735469
25.344,735470
25.344,735471
25.466,735472
25.313,735473
25.43,735474
25.332,735475
25.308,735476
25.308,735477
25.412,735478
25.941,735479
25.985,735480
25.883,735481
26.002,735482
26.159,735483
26.159,735484
26.274,735485
26.505,735486
26.646,735487
26.822,735488
27.023,735489
26.889,735490
26.889,735491
27.022,735492
26.99,735493
26.722,735494
26.817,735495
26.8,735496
26.664,735497
26.664,735498
26.801,735499
26.566,735500
26.387,735501
26.301,735502
26.404,735503
26.286,735504
26.286,735505
26.343,735506
26.081,735507
26.036,735508
25.878,735509
25.592,735510
25.585,735511
25.585,735512
25.79,735513
26.278,735514
26.138,735515
26.52,735516
26.382,735517
26.163,735518
26.163,735519
26.386,735520
26.494,735521
26.537,735522
26.11,735523
25.851,735524
25.443,735525
25.443,735526
25.55,735527
25.855,735528
25.797,735529
25.971,735530
25.809,735531
25.103,735532
25.103,735533
25.697,735534
25.377,735535
25.527,735536
25.844,735537
25.659,735538
25.022,735539
25.022,735540
25.891,735541
26.109,735542
26.468,735543
26.205,735544
25.772,735545
25.857,735546
25.857,735547
26.035,735548
26.26,735549
26.85,735550
27.096,735551
27.391,735552
27.544,735553
27.544,735554
27.668,735555
27.748,735556
27.84,735557
27.638,735558
27.745,735559
27.657,735560
27.657,735561
27.796,735562
27.802,735563
27.879,735564
28.037,735565
28.333,735566
28.061,735567
28.061,735568
28.166,735569
28.54,735570
29.059,735571
28.759,735572
28.53,735573
28.096,735574
28.096,735575
28.193,735576
27.814,735577
27.759,735578
27.666,735579
27.464,735580
27.285,735581
27.285,735582
27.367,735583
27.647,735584
27.538,735585
27.72,735586
27.59,735587
27.439,735588
27.439,735589
27.518,735590
26.852,735591
27.197,735592
27.197,735593
27.421,735594
27.277,735595
27.277,735596
27.37,735597
26.852,735598
26.53,735599
26.685,735600
26.566,735601
26.115,735602
26.115,735603
26.268,735604
26.739,735605
26.636,735606
26.923,735607
26.886,735608
26.482,735609
26.482,735610
26.717,735611
26.304,735612
26.2,735613
26.101,735614
26.386,735615
26.079,735616
26.079,735617
26.371,735618
26.437,735619
26.546,735620
26.466,735621
26.31,735622
26.364,735623
26.364,735624
26.585,735625
25.891,735626
25.796,735627
25.728,735628
25.354,735629
24.89,735630
24.89,735631
24.992,735632
24.578,735633
24.66,735634
24.133,735635
24.439,735636
24.405,735637
24.405,735638
24.588,735639
24.425,735640
24.655,735641
24.749,735642
24.392,735643
23.522,735644
23.522,735645
23.727,735646
23.777,735647
23.897,735648
23.638,735649
23.62,735650
23.171,735651
23.171,735652
23.303,735653
22.747,735654
22.816,735655
22.678,735656
23.136,735657
22.911,735658
22.911,735659
23.029,735660
24.548,735661
23.878,735662
23.244,735663
23.555,735664
23.599,735665
23.599,735666
23.694,735667
23.517,735668
23.319,735669
23.102,735670
23.262,735671
22.989,735672
22.989,735673
23.259,735674
23.124,735675
22.79,735676
22.484,735677
22.249,735678
22.081,735679
22.081,735680
22.319,735681
22.053,735682
22.173,735683
22.164,735684
21.969,735685
21.209,735686
21.209,735687
21.337,735688
20.619,735689
20.714,735690
19.672,735691
19.572,735692
18.994,735693
18.994,735694
19.291,735695
20.45,735696
20.872,735697
21.196,735698
20.866,735699
21.163,735700
21.163,735701
21.274,735702
21.762,735703
21.559,735704
21.514,735705
20.916,735706
20.916,735707
20.916,735708
20.916,735709
20.952,735710
20.29,735711
19.779,735712
19.632,735713
19.353,735714
19.353,735715
19.448,735716
19.925,735717
19.586,735718
19.173,735719
18.796,735720
19.192,735721
19.192,735722
19.192,735723
19.303,735724
19.328,735725
18.754,735726
18.997,735727
19.472,735728
19.472,735729
19.564,735730
19.262,735731
19.592,735732
19.413,735733
19.235,735734
18.745,735735
18.745,735736
18.801,735737
18.827,735738
18.746,735739
19.32,735740
19.3,735741
19.095,735742
19.095,735743
19.095,735744
19.254,735745
18.8,735746
18.621,735747
18.333,735748
18.095,735749
18.095,735750
18.39,735751
18.084,735752
18.238,735753
17.877,735754
17.139,735755
15.989,735756
15.989,735757
16.149,735758
16.177,735759
16.825,735760
17.13,735761
17.553,735762
17.38,735763
17.38,735764
17.627,735765
18.7,735766
17.514,735767
17.382,735768
17.381,735769
17.21,735770
17.21,735771
17.417,735772
17.487,735773
17.387,735774
17.535,735775
17.285,735776
16.99,735777
16.99,735778
17.129,735779
17.043,735780
16.464,735781
16.333,735782
16.226,735783
15.524,735784
15.524,735785
15.614,735786
15.279,735787
15.427,735788
15.476,735789
15.331,735790
15.092,735791
15.092,735792
15.178,735793
15.869,735794
15.85,735795
16.222,735796
16.646,735797
16.774,735798
16.774,735799
16.804,735800
16.408,735801
16.315,735802
16.593,735803
16.926,735804
17.555,735805
17.555,735806
17.653,735807
17.901,735808
18.29,735809
17.746,735810
17.13,735811
17.001,735812
17.001,735813
17.164,735814
16.13,735815
16.36,735816
16.82,735817
16.726,735818
16.018,735819
16.018,735820
16.174,735821
16.628,735822
16.377,735823
16.505,735824
17.165,735825
17.79,735826
17.79,735827
17.952,735828
18.107,735829
18.002,735830
17.59,735831
17.332,735832
17.766,735833
17.766,735834
17.766,735835
17.906,735836
18.706,735837
18.022,735838
18.84,735839
19.141,735840
19.141,735841
19.332,735842
20.752,735843
21.111,735844
19.845,735845
20.531,735846
20.082,735847
20.082,735848
20.199,735849
20.163,735850
19.873,735851
19.661,735852
19.715,735853
19.374,735854
19.374,735855
19.503,735856
20.591,735857
21.401,735858
21.159,735859
21.469,735860
21.149,735861
21.149,735862
21.332,735863
21.372,735864
21.485,735865
21.471,735866
22.045,735867
22.247,735868
22.247,735869
22.308,735870
21.832,735871
22.02,735872
22.299,735873
21.88,735874
20.766,735875
20.766,735876
21.196,735877
20.679,735878
20.625,735879
20.27,735880
20.877,735881
21.215,735882
21.215,735883
21.357,735884
20.77,735885
21.127,735886
20.945,735887
21.165,735888
20.308,735889
20.308,735890
21.202,735891
20.378,735892
21.512,735893
21.961,735894
22.357,735895
21.689,735896
21.689,735897
21.916,735898
21.751,735899
22.156,735900
22.558,735901
21.863,735902
19.361,735903
19.361,735904
20.518,735905
22.108,735906
22.118,735907
21.974,735908
21.81,735909
21.958,735910
21.958,735911
22.075,735912
22.779,735913
22.609,735914
22.717,735915
22.421,735916
21.989,735917
21.989,735918
22.169,735919
22.619,735920
22.721,735921
22.889,735922
23.141,735923
23.021,735924
23.021,735925
23.126,735926
23.984,735927
24.423,735928
24.67,735929
24.283,735930
24.068,735931
24.068,735932
24.37,735933
24.186,735934
23.794,735935
23.661,735936
23.492,735937
23.26,735938
23.26,735939
23.313,735940
23.088,735941
22.893,735942
23.256,735943
22.777,735944
22.638,735945
22.638,735946
22.732,735947
22.501,735948
22.38,735949
22.57,735950
22.495,735951
22.031,735952
22.031,735953
22.152,735954
22.031,735955
21.893,735956
22.358,735957
22.358,735958
22.358,735959
22.358,735960
22.576,735961
21.98,735962
21.141,735963
20.8,735964
20.909,735965
20.152,735966
20.152,735967
20.379,735968
19.974,735969
19.755,735970
19.036,735971
19.286,735972
19.162,735973
19.162,735974
19.358,735975
19.618,735976
19.91,735977
20.53,735978
20.052,735979
19.638,735980
19.638,735981
19.76,735982
19.233,735983
19.035,735984
19.296,735985
19.255,735986
19.275,735987
19.275,735988
19.403,735989
19.472,735990
19.724,735991
20.158,735992
20.791,735993
20.359,735994
20.359,735995
20.472,735996
20.769,735997
20.665,735998
21.012,735999
21.444,736000
21.504,736001
21.504,736002
21.492,736003
21.221,736004
22.849,736005
23.246,736006
23.692,736007
23.905,736008
23.905,736009
24.038,736010
23.251,736011
22.887,736012
23.179,736013
22.492,736014
22.311,736015
22.311,736016
22.331,736017
22.165,736018
22.552,736019
23.161,736020
23.993,736021
23.634,736022
23.634,736023
23.729,736024
22.994,736025
22.538,736026
22.603,736027
22.331,736028
20.962,736029
20.962,736030
20.99,736031
21.722,736032
21.69,736033
22.112,736034
22.336,736035
21.753,736036
21.753,736037
21.734,736038
21.67,736039
21.275,736040
21.407,736041
21.318,736042
20.99,736043
20.99,736044
21.069,736045
21.009,736046
21.36,736047
21.507,736048
21.754,736049
22.062,736050
22.062,736051
22.051,736052
21.979,736053
22.01,736054
22.515,736055
22.715,736056
22.715,736057
22.715,736058
22.715,736059
22.779,736060
22.049,736061
22.335,736062
22.535,736063
22.282,736064
22.282,736065
22.41,736066
22.601,736067
22.447,736068
22.236,736069
22.063,736070
21.625,736071
21.625,736072
21.689,736073
21.45,736074
21.675,736075
21.584,736076
21.454,736077
21.327,736078
21.327,736079
21.51,736080
21.613,736081
21.373,736082
21.437,736083
21.043,736084
20.4,736085
20.4,736086
20.4,736087
20.396,736088
20.425,736089
20.458,736090
20.335,736091
20.442,736092
20.442,736093
20.367,736094
20.691,736095
20.897,736096
20.942,736097
20.51,736098
20.601,736099
20.601,736100
20.639,736101
20.549,736102
20.511,736103
20.573,736104
20.503,736105
20.264,736106
20.264,736107
20.264,736108
20.347,736109
20.59,736110
20.586,736111
20.655,736112
20.461,736113
20.461,736114
20.564,736115
20.48,736116
20.439,736117
20.395,736118
20.186,736119
20.126,736120
20.126,736121
20.228,736122
20.443,736123
20.564,736124
20.695,736125
20.382,736126
20.251,736127
20.251,736128
20.325,736129
20.395,736130
20.469,736131
20.395,736132
20.348,736133
20.557,736134
20.557,736135
20.593,736136
20.669,736137
21.053,736138
20.922,736139
20.597,736140
20.534,736141
20.534,736142
20.52,736143
20.475,736144
20.525,736145
20.823,736146
20.866,736147
20.972,736148
20.972,736149
21.083,736150
20.98,736151
20.892,736152
20.754,736153
20.834,736154
20.937,736155
20.937,736156
20.995,736157
21.072,736158
21.042,736159
21.14,736160
21.209,736161
20.974,736162
20.974,736163
21.06,736164
21.116,736165
21.098,736166
20.822,736167
20.627,736168
20.46,736169
20.46,736170
20.536,736171
20.488,736172
20.615,736173
20.7,736174
20.818,736175
20.674,736176
20.674,736177
20.688,736178
20.409,736179
20.316,736180
20.096,736181
20.474,736182
20.01,736183
20.01,736184
20.063,736185
20.034,736186
20.129,736187
19.796,736188
19.663,736189
19.465,736190
19.465,736191
19.567,736192
19.471,736193
19.446,736194
19.374,736195
19.057,736196
18.946,736197
18.946,736198
19.097,736199
18.618,736200
18.815,736201
18.827,736202
19.075,736203
19.099,736204
19.099,736205
19.099,736206
19.221,736207
19.532,736208
19.762,736209
19.911,736210
19.579,736211
19.579,736212
19.673,736213
19.53,736214
19.368,736215
19.51,736216
19.367,736217
19.241,736218
19.241,736219
19.311,736220
19.335,736221
19.177,736222
19.181,736223
19.101,736224
18.799,736225
18.799,736226
18.899,736227
18.82,736228
19.036,736229
19.24,736230
18.795,736231
18.657,736232
18.657,736233
18.776,736234
18.571,736235
18.588,736236
18.517,736237
18.202,736238
17.712,736239
17.712,736240
17.749,736241
17.947,736242
17.866,736243
18.303,736244
18.543,736245
18.447,736246
18.447,736247
18.61,736248
18.423,736249
18.34,736250
18.168,736251
18.272,736252
18.159,736253
18.159,736254
18.333,736255
18.645,736256
18.442,736257
18.245,736258
18.194,736259
18.143,736260
18.143,736261
18.242,736262
18.087,736263
18.107,736264
18.082,736265
18.097,736266
17.618,736267
17.618,736268
17.75,736269
17.535,736270
17.555,736271
17.59,736272
17.287,736273
16.775,736274
16.775,736275
16.865,736276
16.581,736277
16.586,736278
16.423,736279
16.144,736280
16.108,736281
16.108,736282
16.199,736283
16.425,736284
16.73,736285
16.844,736286
17.229,736287
17.331,736288
17.331,736289
17.518,736290
17.288,736291
17.595,736292
17.627,736293
17.78,736294
17.47,736295
17.47,736296
17.522,736297
17.667,736298
17.902,736299
17.897,736300
17.422,736301
17.026,736302
17.026,736303
17.216,736304
16.926,736305
16.669,736306
16.537,736307
16.464,736308
16.272,736309
16.272,736310
16.365,736311
15.924,736312
15.963,736313
15.717,736314
14.853,736315
14.678,736316
14.678,736317
14.799,736318
14.485,736319
14.302,736320
13.782,736321
13.616,736322
13.616,736323
13.616,736324
13.616,736325
13.705,736326
14.947,736327
14.93,736328
14.282,736329
14.282,736330
14.282,736331
14.296,736332
14.46,736333
14.797,736334
15.14,736335
15.082,736336
14.594,736337
14.594,736338
14.711,736339
14.766,736340
14.045,736341
14.221,736342
13.839,736343
13.433,736344
13.433,736345
13.532,736346
13.351,736347
13.526,736348
12.919,736349
12.557,736350
13.046,736351
13.046,736352
13.107,736353
12.792,736354
12.406,736355
13.083,736356
13.658,736357
13.166,736358
13.166,736359
13.18,736360
12.815,736361
12.639,736362
12.901,736363
12.537,736364
12.086,736365
12.086,736366
12.199,736367
12.237,736368
12.335,736369
12.078,736370
12.037,736371
12.069,736372
12.069,736373
12.177,736374
12.334,736375
12.371,736376
12.276,736377
12.36,736378
12.021,736379
12.021,736380
12.36,736381
12.346,736382
12.637,736383
12.391,736384
12.3,736385
12.231,736386
12.231,736387
12.396,736388
12.492,736389
12.592,736390
12.657,736391
12.542,736392
12.349,736393
12.349,736394
12.423,736395
12.344,736396
12.431,736397
12.369,736398
12.256,736399
12.131,736400
12.131,736401
12.212,736402
12.302,736403
12.323,736404
12.325,736405
12.302,736406
12.22,736407
12.22,736408
12.306,736409
12.122,736410
12.033,736411
12.042,736412
11.974,736413
11.974,736414
11.974,736415
11.974,736416
12.054,736417
12.072,736418
12.111,736419
12.137,736420
11.741,736421
11.741,736422
11.801,736423
11.442,736424
11.288,736425
11.399,736426
11.274,736427
11.161,736428
11.161,736429
11.163,736430
11.133,736431
11.227,736432
11.308,736433
11.315,736434
11.26,736435
11.26,736436
11.241,736437
11.4,736438
11.66,736439
11.84,736440
12.43,736441
12.733,736442
12.733,736443
12.864,736444
13.184,736445
14.091,736446
14.495,736447
13.527,736448
12.939,736449
12.939,736450
12.939,736451
12.989,736452
12.192,736453
12.196,736454
12.882,736455
12.568,736456
12.568,736457
12.688,736458
13.161,736459
12.743,736460
12.842,736461
13.119,736462
12.895,736463
12.895,736464
12.948,736465
12.956,736466
13.139,736467
13.044,736468
12.896,736469
12.882,736470
12.882,736471
12.964,736472
12.851,736473
12.924,736474
13.157,736475
13.451,736476
13.694,736477
13.694,736478
13.694,736479
13.718,736480
14.286,736481
14.186,736482
14.548,736483
14.388,736484
14.388,736485
14.446,736486
14.563,736487
14.639,736488
14.62,736489
14.244,736490
13.984,736491
13.984,736492
13.993,736493
13.727,736494
13.739,736495
14.258,736496
14.065,736497
14.359,736498
14.359,736499
14.397,736500
14.942,736501
14.929,736502
15.273,736503
15.176,736504
14.82,736505
14.82,736506
14.836,736507
14.354,736508
14.199,736509
14.316,736510
14.141,736511
13.897,736512
13.897,736513
13.988,736514
14.263,736515
14.177,736516
14,736517
14.294,736518
13.897,736519
13.897,736520
13.992,736521
13.933,736522
14.152,736523
14.197,736524
14.254,736525
14.059,736526
14.059,736527
14.158,736528
14.234,736529
14.259,736530
14.4,736531
14.776,736532
14.647,736533
14.647,736534
14.727,736535
14.797,736536
14.502,736537
14.256,736538
14.138,736539
13.69,736540
13.69,736541
13.874,736542
13.743,736543
13.491,736544
13.328,736545
13.307,736546
12.942,736547
12.942,736548
13.094,736549
12.86,736550
12.702,736551
12.719,736552
12.272,736553
11.742,736554
11.742,736555
11.87,736556
11.06,736557
11.407,736558
11.486,736559
11.578,736560
10.495,736561
10.495,736562
10.542,736563
10.936,736564
11.485,736565
11.092,736566
10.932,736567
11.057,736568
11.057,736569
11.057,736570
11.194,736571
11.634,736572
11.516,736573
11.559,736574
12.03,736575
12.03,736576
12.153,736577
12.127,736578
11.741,736579
11.405,736580
10.977,736581
10.94,736582
10.94,736583
10.986,736584
10.643,736585
11.027,736586
11.121,736587
11.263,736588
11.77,736589
11.77,736590
11.825,736591
12.512,736592
12.664,736593
12.688,736594
13.464,736595
13.211,736596
13.211,736597
13.349,736598
13.565,736599
13.267,736600
13.166,736601
13.617,736602
13.165,736603
13.165,736604
13.275,736605
13.563,736606
13.133,736607
14.584,736608
15.583,736609
15.51,736610
15.51,736611
15.688,736612
15.167,736613
15.689,736614
15.441,736615
15.466,736616
15.528,736617
15.528,736618
15.62,736619
15.889,736620
16.319,736621
16.711,736622
17.052,736623
16.755,736624
16.755,736625
16.791,736626
17.374,736627
17.587,736628
17.466,736629
17.439,736630
16.879,736631
16.879,736632
17.069,736633
17.355,736634
18.272,736635
18.686,736636
19.118,736637
18.27,736638
18.27,736639
18.387,736640
18.451,736641
17.573,736642
17.922,736643
18.146,736644
18.171,736645
18.171,736646
18.226,736647
17.753,736648
17.773,736649
17.804,736650
17.405,736651
17.832,736652
17.832,736653
17.905,736654
17.377,736655
17.566,736656
17.807,736657
17.794,736658
17.84,736659
17.84,736660
17.931,736661
18.169,736662
18.32,736663
18.261,736664
17.986,736665
17.715,736666
17.715,736667
17.784,736668
17.429,736669
16.74,736670
16.428,736671
16.188,736672
16.771,736673
16.771,736674
16.81,736675
17.367,736676
17.424,736677
17.151,736678
17.339,736679
17.357,736680
17.357,736681
17.405,736682
17.558,736683
17.787,736684
17.74,736685
17.963,736686
18.025,736687
18.025,736688
18.025,736689
18.025,736690
18.215,736691
18.845,736692
19.319,736693
19.645,736694
19.645,736695
19.645,736696
19.689,736697
18.888,736698
18.96,736699
19.364,736700
19.048,736701
19.048,736702
19.026,736703
19.091,736704
19.961,736705
20.217,736706
20.996,736707
20.254,736708
20.254,736709
20.368,736710
19.492,736711
19.6,736712
20.023,736713
20.392,736714
20.715,736715
20.715,736716
20.784,736717
21.51,736718
21.623,736719
20.992,736720
20.359,736721
19.657,736722
19.657,736723
19.675,736724
20.401,736725
21.383,736726
22.023,736727
22.447,736728
22.757,736729
22.757,736730
22.925,736731
22.773,736732
22.208,736733
21.152,736734
20.854,736735
20.009,736736
20.009,736737
20.07,736738
19.632,736739
19.029,736740
18.799,736741
19.102,736742
18.287,736743
18.287,736744
18.295,736745
18.354,736746
18.06,736747
17.676,736748
18.191,736749
17.774,736750
17.774,736751
17.841,736752
17.38,736753
17.217,736754
16.856,736755
16.989,736756
16.505,736757
16.505,736758
16.646,736759
16.465,736760
16.732,736761
16.254,736762
16.137,736763
15.999,736764
15.999,736765
16.161,736766
15.738,736767
15.921,736768
16.126,736769
15.863,736770
15.578,736771
15.578,736772
15.692,736773
15.644,736774
15.574,736775
15.342,736776
15.37,736777
14.943,736778
14.943,736779
15.011,736780
14.706,736781
14.688,736782
14.995,736783
15.168,736784
15.79,736785
15.79,736786
15.854,736787
16.029,736788
16.228,736789
16.202,736790
16.171,736791
16.089,736792
16.089,736793
16.135,736794
15.824,736795
15.575,736796
15.727,736797
15.718,736798
15.718,736799
15.718,736800
15.718,736801
15.801,736802
16.092,736803
16.552,736804
16.245,736805
16.358,736806
16.358,736807
16.438,736808
16.644,736809
16.288,736810
16.257,736811
16.412,736812
16.333,736813
16.333,736814
16.333,736815
16.387,736816
16.667,736817
16.803,736818
16.315,736819
15.956,736820
15.956,736821
16.03,736822
15.809,736823
15.898,736824
15.939,736825
15.574,736826
15.281,736827
15.281,736828
15.361,736829
15.502,736830
15.489,736831
15.474,736832
15.642,736833
15.525,736834
15.525,736835
15.546,736836
15.305,736837
15.315,736838
15.459,736839
15.189,736840
15.044,736841
15.044,736842
15.044,736843
15.084,736844
15.518,736845
15.374,736846
15.152,736847
14.766,736848
14.766,736849
14.817,736850
14.986,736851
14.881,736852
14.872,736853
15.067,736854
15.034,736855
15.034,736856
15.162,736857
14.955,736858
15.038,736859
15.189,736860
14.887,736861
14.863,736862
14.863,736863
15.019,736864
15.288,736865
15.358,736866
15.316,736867
15.049,736868
14.925,736869
14.925,736870
15.005,736871
15.13,736872
15.221,736873
15.167,736874
15.264,736875
14.906,736876
14.906,736877
14.987,736878
15.233,736879
15.339,736880
15.276,736881
15.253,736882
15,736883
15,736884
15.093,736885
14.927,736886
14.845,736887
14.817,736888
14.81,736889
14.822,736890
14.822,736891
14.848,736892
14.976,736893
14.991,736894
14.977,736895
15.133,736896
15.01,736897
15.01,736898
15.061,736899
14.91,736900
14.874,736901
15.157,736902
15.22,736903
15.067,736904
15.067,736905
15.123,736906
15.171,736907
14.906,736908
14.875,736909
14.919,736910
15.021,736911
15.021,736912
15.088,736913
15.398,736914
15.401,736915
15.705,736916
16.015,736917
15.993,736918
15.993,736919
16.075,736920
16.029,736921
15.821,736922
15.997,736923
16.244,736924
16.206,736925
16.206,736926
16.251,736927
16.386,736928
16.186,736929
16.397,736930
16.563,736931
16.385,736932
16.385,736933
16.385,736934
16.433,736935
16.495,736936
16.737,736937
16.55,736938
16.418,736939
16.418,736940
16.509,736941
16.421,736942
16.733,736943
16.892,736944
16.834,736945
16.773,736946
16.773,736947
16.95,736948
17.208,736949
17.277,736950
17.419,736951
17.803,736952
17.564,736953
17.564,736954
17.685,736955
17.768,736956
17.717,736957
17.48,736958
17.108,736959
16.749,736960
16.749,736961
16.883,736962
17.376,736963
17.692,736964
17.521,736965
17.733,736966
16.877,736967
16.877,736968
16.818,736969
16.657,736970
16.955,736971
17.421,736972
17.561,736973
17.449,736974
17.449,736975
17.635,736976
18.14,736977
17.86,736978
17.3,736979
16.788,736980
16.572,736981
16.572,736982
16.635,736983
16.654,736984
16.442,736985
16.761,736986
16.653,736987
16.43,736988
16.43,736989
16.906,736990
16.741,736991
16.743,736992
16.926,736993
16.953,736994
16.583,736995
16.583,736996
17.002,736997
17.553,736998
17.809,736999
18.114,737000
18.255,737001
17.806,737002
17.806,737003
18.083,737004
18.771,737005
19.164,737006
19.242,737007
19.435,737008
19.338,737009
19.338,737010
19.521,737011
19.811,737012
19.479,737013
18.945,737014
19.235,737015
18.971,737016
18.971,737017
19.013,737018
19.463,737019
19.743,737020
19.71,737021
19.954,737022
20.456,737023
20.456,737024
20.5,737025
20.822,737026
20.591,737027
20.678,737028
20.656,737029
20.977,737030
20.977,737031
20.913,737032
21.665,737033
21.482,737034
21.082,737035
21.356,737036
21.267,737037
21.267,737038
21.273,737039
21.258,737040
23.029,737041
21.569,737042
20.938,737043
21.533,737044
21.533,737045
21.532,737046
20.948,737047
20.575,737048
20.214,737049
20.095,737050
19.629,737051
19.629,737052
19.629,737053
19.629,737054
19.74,737055
19.513,737056
19.793,737057
19.551,737058
19.551,737059
19.551,737060
19.634,737061
19.473,737062
19.18,737063
19.096,737064
18.869,737065
18.869,737066
19.001,737067
19.125,737068
19.397,737069
19.383,737070
19.419,737071
19.661,737072
19.661,737073
19.712,737074
19.209,737075
19.063,737076
18.546,737077
18.311,737078
18.345,737079
18.345,737080
18.346,737081
18.313,737082
18.349,737083
17.929,737084
17.848,737085
17.814,737086
17.814,737087
17.885,737088
17.575,737089
17.387,737090
17.857,737091
18.306,737092
18.204,737093
18.204,737094
18.297,737095
17.878,737096
17.821,737097
18.383,737098
18.023,737099
17.86,737100
17.86,737101
17.935,737102
18,737103
18.538,737104
18.211,737105
18.015,737106
18.105,737107
18.105,737108
18.21,737109
19.447,737110
20.414,737111
21.489,737112
22.843,737113
25.643,737114
25.643,737115
27.054,737116
24.644,737117
28.16,737118
38.742,737119
53.961,737120
34.919,737121
34.919,737122
34.311,737123
20.066,737124
19.973,737125
19.193,737126
18.913,737127
19.536,737128
19.536,737129
19.679,737130
27.287,737131
24.474,737132
23.109,737133
23.322,737134
22.802,737135
22.802,737136
24.419,737137
20.554,737138
21.021,737139
21.598,737140
20.925,737141
19.932,737142
19.932,737143
19.978,737144
18.456,737145
18.613,737146
18.816,737147
18.808,737148
18.808,737149
18.808,737150
18.808,737151
18.892,737152
18.411,737153
18.837,737154
18.933,737155
18.624,737156
18.624,737157
18.695,737158
18.961,737159
19.651,737160
19.944,737161
19.894,737162
20.27,737163
20.27,737164
20.327,737165
19.97,737166
19.239,737167
19.109,737168
19.653,737169
19.688,737170
19.688,737171
19.714,737172
19.932,737173
19.748,737174
19.738,737175
20.127,737176
20.075,737177
20.075,737178
20.106,737179
20.58,737180
20.536,737181
20.274,737182
19.98,737183
20.151,737184
20.151,737185
20.151,737186
20.153,737187
20.755,737188
21.009,737189
20.816,737190
21.098,737191
21.098,737192
21.125,737193
21.335,737194
21.779,737195
21.424,737196
22.188,737197
22.092,737198
22.092,737199
22.116,737200
22.029,737201
22.847,737202
22.823,737203
22.801,737204
22.071,737205
22.071,737206
22.071,737207
22.1,737208
22.429,737209
22.877,737210
23.012,737211
21.959,737212
21.959,737213
21.98,737214
22.211,737215
21.978,737216
21.683,737217
21.681,737218
21.791,737219
21.791,737220
21.829,737221
21.441,737222
21.765,737223
22.266,737224
22.861,737225
22.198,737226
22.198,737227
22.208,737228
22.207,737229
22.219,737230
21.99,737231
21.694,737232
21.83,737233
21.83,737234
21.871,737235
21.655,737236
21.574,737237
21.915,737238
22.039,737239
21.738,737240
21.738,737241
21.745,737242
22.107,737243
22.35,737244
22.206,737245
22.216,737246
22.309,737247
22.309,737248
22.351,737249
22.53,737250
22.842,737251
22.522,737252
22.196,737253
21.931,737254
21.931,737255
22.006,737256
22.471,737257
21.974,737258
22.062,737259
22.289,737260
21.992,737261
21.992,737262
22.059,737263
22.173,737264
22.184,737265
22.298,737266
22.14,737267
21.932,737268
21.932,737269
22.008,737270
22.069,737271
22.09,737272
21.948,737273
22.037,737274
22.184,737275
22.184,737276
22.241,737277
22.441,737278
22.662,737279
22.753,737280
22.588,737281
22.597,737282
22.597,737283
22.658,737284
23.366,737285
23.879,737286
23.428,737287
23.727,737288
23.973,737289
23.973,737290
24.084,737291
23.98,737292
24.524,737293
24.585,737294
24.741,737295
24.853,737296
24.853,737297
24.853,737298
25.019,737299
25.607,737300
25.906,737301
26.563,737302
26.071,737303
26.071,737304
26.131,737305
26.407,737306
26.979,737307
27.038,737308
27.59,737309
28.063,737310
28.063,737311
28.118,737312
28.866,737313
28.691,737314
27.951,737315
27.253,737316
26.876,737317
26.876,737318
26.983,737319
27.984,737320
27.432,737321
27.741,737322
28.918,737323
28.452,737324
28.452,737325
28.573,737326
29.689,737327
29.521,737328
28.612,737329
27.979,737330
27.42,737331
27.42,737332
27.433,737333
26.652,737334
27.768,737335
26.942,737336
27.034,737337
26.901,737338
26.901,737339
26.931,737340
26.973,737341
26.775,737342
26.183,737343
24.91,737344
25.118,737345
25.118,737346
25.365,737347
26.198,737348
25.916,737349
25.13,737350
25.486,737351
25.939,737352
25.939,737353
26.097,737354
25.676,737355
24.723,737356
24.864,737357
24.554,737358
24.325,737359
24.325,737360
24.409,737361
24.38,737362
23.988,737363
23.328,737364
23.123,737365
23.317,737366
23.317,737367
23.319,737368
23.019,737369
23.132,737370
23.838,737371
24.493,737372
23.948,737373
23.948,737374
24,737375
25.297,737376
25.772,737377
26.256,737378
26.386,737379
26.384,737380
26.384,737381
26.381,737382
24.263,737383
24.473,737384
24.451,737385
24.4,737386
24.803,737387
24.803,737388
24.844,737389
24.265,737390
24.866,737391
24.28,737392
24.415,737393
24.043,737394
24.043,737395
24.088,737396
24.789,737397
24.191,737398
23.775,737399
22.775,737400
22.284,737401
22.284,737402
22.425,737403
22.98,737404
23.423,737405
23.83,737406
24.243,737407
24.488,737408
24.488,737409
24.542,737410
24.572,737411
23.919,737412
24.075,737413
24.232,737414
24.442,737415
24.442,737416
24.411,737417
24.261,737418
24.261,737419
24.576,737420
23.447,737421
22.897,737422
22.897,737423
22.909,737424
21.069,737425
21.871,737426
21.949,737427
22.042,737428
22.344,737429
22.344,737430
22.349,737431
21.2,737432
21.683,737433
21.728,737434
21.166,737435
21.584,737436
21.584,737437
21.697,737438
21.305,737439
21.553,737440
21.717,737441
22.557,737442
22.582,737443
22.582,737444
22.628,737445
21.607,737446
21.718,737447
22.173,737448
21.376,737449
20.586,737450
20.586,737451
20.669,737452
20.496,737453
20.398,737454
20.543,737455
19.8,737456
19.415,737457
19.415,737458
19.463,737459
18.966,737460
19.183,737461
18.984,737462
18.989,737463
18.243,737464
18.243,737465
18.332,737466
17.889,737467
17.871,737468
17.757,737469
17.929,737470
17.715,737471
17.715,737472
17.775,737473
17.596,737474
17.476,737475
18.108,737476
17.736,737477
17.304,737478
17.304,737479
17.375,737480
16.983,737481
17.233,737482
17.508,737483
17.569,737484
17.336,737485
17.336,737486
17.379,737487
17.366,737488
17.296,737489
16.984,737490
16.83,737491
16.804,737492
16.804,737493
16.854,737494
16.737,737495
16.571,737496
15.961,737497
15.704,737498
15.181,737499
15.181,737500
15.294,737501
15.057,737502
15.238,737503
14.932,737504
14.701,737505
14.219,737506
14.219,737507
14.245,737508
14.303,737509
14.347,737510
14.792,737511
14.71,737512
13.931,737513
13.931,737514
14.257,737515
14.148,737516
13.804,737517
13.927,737518
14.806,737519
15.99,737520
15.99,737521
16.083,737522
16.622,737523
16.684,737524
16.779,737525
15.988,737526
16.151,737527
16.151,737528
16.146,737529
15.595,737530
14.916,737531
15.016,737532
14.769,737533
14.769,737534
14.769,737535
14.769,737536
14.831,737537
14.314,737538
14.454,737539
14.53,737540
14.734,737541
14.734,737542
14.801,737543
14.759,737544
14.344,737545
14.163,737546
14.426,737547
14.542,737548
14.542,737549
14.542,737550
14.531,737551
14.52,737552
14.358,737553
14.655,737554
14.29,737555
14.29,737556
14.328,737557
13.882,737558
13.743,737559
13.811,737560
13.664,737561
13.034,737562
13.034,737563
13.11,737564
13.046,737565
12.703,737566
12.828,737567
12.451,737568
12.214,737569
12.214,737570
12.214,737571
12.298,737572
12.369,737573
12.21,737574
11.525,737575
10.217,737576
10.217,737577
10.35,737578
10.161,737579
10.542,737580
10.935,737581
10.623,737582
10.595,737583
10.595,737584
10.698,737585
11.448,737586
11.253,737587
10.924,737588
11.389,737589
10.867,737590
10.867,737591
11.017,737592
11.361,737593
11.267,737594
10.531,737595
10.134,737596
9.74,737597
9.74,737598
9.85,737599
10.11,737600
9.557,737601
9.243,737602
9.202,737603
8.958,737604
8.958,737605
9.155,737606
9.998,737607
10.485,737608
10.314,737609
10.399,737610
10.259,737611
10.259,737612
10.455,737613
11.338,737614
12.142,737615
11.602,737616
12.596,737617
12.398,737618
12.398,737619
12.59,737620
13.664,737621
11.903,737622
11.135,737623
10.968,737624
10.72,737625
10.72,737626
10.847,737627
10.634,737628
10.459,737629
10.338,737630
10.257,737631
9.927,737632
9.927,737633
10.052,737634
9.951,737635
9.642,737636
10.282,737637
10.952,737638
11.088,737639
11.088,737640
11.115,737641
10.431,737642
9.718,737643
9.634,737644
9.648,737645
9.979,737646
9.979,737647
10.206,737648
10.541,737649
10.708,737650
10.203,737651
9.718,737652
9.584,737653
9.584,737654
9.664,737655
9.677,737656
9.908,737657
10.244,737658
10.28,737659
10.188,737660
10.188,737661
10.188,737662
10.259,737663
10.06,737664
10.153,737665
10.032,737666
9.648,737667
9.648,737668
9.84,737669
8.197,737670
7.557,737671
7.597,737672
7.571,737673
8.257,737674
8.257,737675
8.472,737676
9.506,737677
9.887,737678
10.418,737679
10.795,737680
11.333,737681
11.333,737682
11.539,737683
11.412,737684
10.524,737685
9.336,737686
9.429,737687
8.756,737688
8.756,737689
8.818,737690
9.404,737691
10.334,737692
10.368,737693
10.319,737694
9.96,737695
9.96,737696
10.053,737697
9.677,737698
9.435,737699
9.955,737700
11.226,737701
12.17,737702
12.17,737703
12.272,737704
10.542,737705
10.276,737706
8.981,737707
8.379,737708
8.471,737709
8.471,737710
8.677,737711
10.203,737712
11.327,737713
10.869,737714
10.41,737715
10.225,737716
10.225,737717
10.389,737718
10.423,737719
10.46,737720
10.497,737721
10.112,737722
10.039,737723
10.039,737724
11.388,737725
11.375,737726
11.143,737727
10.15,737728
9.448,737729
10.286,737730
10.286,737731
10.62,737732
11.615,737733
13.818,737734
13.492,737735
13.66,737736
14.807,737737
14.807,737738
15.06,737739
14.895,737740
14.604,737741
14.818,737742
14.752,737743
14.629,737744
14.629,737745
14.822,737746
14.857,737747
14.842,737748
15.103,737749
15.572,737750
15.773,737751
15.773,737752
15.854,737753
16.341,737754
15.958,737755
15.884,737756
15.842,737757
15.708,737758
15.708,737759
15.797,737760
15.49,737761
15.201,737762
14.765,737763
14.518,737764
13.583,737765
13.583,737766
13.711,737767
13.613,737768
13.34,737769
13.373,737770
13.307,737771
12.98,737772
12.98,737773
13.068,737774
12.754,737775
12.834,737776
12.743,737777
12.751,737778
12.463,737779
12.463,737780
12.548,737781
11.919,737782
10.774,737783
10.774,737784
10.956,737785
12.021,737786
12.021,737787
12.073,737788
12.436,737789
11.83,737790
11.875,737791
11.948,737792
12.061,737793
12.061,737794
12.239,737795
12.457,737796
11.698,737797
11.571,737798
11.724,737799
11.69,737800
11.69,737801
11.774,737802
11.928,737803
11.419,737804
11.102,737805
11.154,737806
10.909,737807
10.909,737808
10.941,737809
10.642,737810
10.798,737811
10.659,737812
10.386,737813
10.465,737814
10.465,737815
10.461,737816
10.432,737817
10.709,737818
10.336,737819
9.782,737820
9.563,737821
9.563,737822
9.668,737823
9.464,737824
9.425,737825
9.586,737826
9.241,737827
9.12,737828
9.12,737829
9.12,737830
8.835,737831
8.848,737832
9.064,737833
8.977,737834
8.905,737835
8.905,737836
8.933,737837
9.061,737838
9.675,737839
9.467,737840
9.692,737841
9.429,737842
9.429,737843
9.457,737844
9.25,737845
9.122,737846
9.212,737847
9.253,737848
8.942,737849
8.942,737850
8.997,737851
9.134,737852
9.397,737853
9.288,737854
9.225,737855
8.948,737856
8.948,737857
8.989,737858
8.694,737859
8.993,737860
9.193,737861
9.191,737862
9.546,737863
9.546,737864
9.593,737865
8.787,737866
8.449,737867
8.347,737868
8.559,737869
8.52,737870
8.52,737871
8.59,737872
8.017,737873
8.164,737874
7.916,737875
7.719,737876
7.31,737877
7.31,737878
7.395,737879
7.124,737880
7.159,737881
6.943,737882
7.068,737883
6.864,737884
6.864,737885
6.874,737886
7.178,737887
7.436,737888
7.224,737889
6.924,737890
6.924,737891
6.924,737892
6.924,737893
6.963,737894
6.951,737895
6.827,737896
7,737897
6.734,737898
6.734,737899
6.763,737900
6.351,737901
5.887,737902
6.128,737903
5.792,737904
5.499,737905
5.499,737906
5.526,737907
5.81,737908
6.073,737909
5.949,737910
5.669,737911
5.464,737912
5.464,737913
5.542,737914
5.489,737915
5.493,737916
5.434,737917
5.323,737918
5.323,737919
5.323,737920
5.517,737921
5.634,737922
5.397,737923
5.081,737924
5.07,737925
4.786,737926
4.786,737927
4.9,737928
4.741,737929
4.357,737930
4.179,737931
3.284,737932
2.517,737933
2.517,737934
2.517,737935
2.731,737936
4.22,737937
3.581,737938
3.525,737939
3.289,737940
3.289,737941
3.459,737942
3.39,737943
4.273,737944
4.783,737945
4.699,737946
4.822,737947
4.822,737948
4.934,737949
5.178,737950
4.66,737951
4.5,737952
4.647,737953
4.924,737954
4.924,737955
5.03,737956
5.364,737957
5.336,737958
5.051,737959
5.16,737960
5.285,737961
5.285,737962
5.395,737963
5.293,737964
5.612,737965
5.638,737966
5.344,737967
4.767,737968
4.767,737969
4.882,737970
5.356,737971
5.807,737972
5.763,737973
5.385,737974
5.123,737975
5.123,737976
5.346,737977
5.446,737978
5.609,737979
5.496,737980
5.183,737981
4.6,737982
4.6,737983
4.715,737984
4.926,737985
4.317,737986
4.623,737987
4.541,737988
4.727,737989
4.727,737990
4.79,737991
4.633,737992
4.629,737993
4.596,737994
4.924,737995
4.705,737996
4.705,737997
4.796,737998
4.623,737999
4.54,738000
4.904,738001
4.968,738002
5.107,738003
5.107,738004
5.115,738005
5.815,738006
6.926,738007
6.819,738008
7.076,738009
7.268,738010
7.268,738011
7.326,738012
7.255,738013
6.921,738014
6.453,738015
6.522,738016
6.836,738017
6.836,738018
6.896,738019
7.523,738020
7.999,738021
8.209,738022
7.773,738023
6.609,738024
6.609,738025
6.842,738026
7.675,738027
8.086,738028
8.961,738029
8.83,738030
9.627,738031
9.627,738032
9.627,738033
9.713,738034
10.692,738035
10.543,738036
10.98,738037
11.432,738038
11.432,738039
11.55,738040
11.273,738041
10.746,738042
10.805,738043
10.587,738044
10.216,738045
10.216,738046
10.368,738047
10.512,738048
10.597,738049
11.145,738050
11.193,738051
10.877,738052
10.877,738053
10.956,738054
11.505,738055
11.306,738056
11.704,738057
11.666,738058
11.318,738059
11.318,738060
11.398,738061
12.151,738062
12.558,738063
11.774,738064
11.98,738065
11.583,738066
11.583,738067
11.79,738068
12.886,738069
12.803,738070
13.227,738071
13.58,738072
13.599,738073
13.599,738074
13.779,738075
13.604,738076
13.477,738077
13.648,738078
13.981,738079
14.413,738080
14.413,738081
14.439,738082
14.82,738083
14.799,738084
14.732,738085
15.167,738086
15.368,738087
15.368,738088
15.557,738089
15.088,738090
14.602,738091
14.504,738092
13.912,738093
13.566,738094
13.566,738095
13.695,738096
13.175,738097
13.571,738098
13.686,738099
14.321,738100
13.664,738101
13.664,738102
13.83,738103
13.726,738104
13.862,738105
14.116,738106
13.976,738107
13.879,738108
13.879,738109
14.007,738110
14.358,738111
13.818,738112
13.525,738113
13.076,738114
12.602,738115
12.602,738116
12.63,738117
13.45,738118
13.642,738119
14.204,738120
14.108,738121
14.59,738122
14.59,738123
14.613,738124
15.008,738125
15.23,738126
14.794,738127
14.392,738128
14.534,738129
14.534,738130
14.582,738131
14.226,738132
14.399,738133
14.698,738134
15.318,738135
15.541,738136
15.541,738137
15.51,738138
16.754,738139
16.929,738140
16.817,738141
16.003,738142
15.624,738143
15.624,738144
15.676,738145
16.394,738146
17.519,738147
17.234,738148
17.306,738149
17.306,738150
17.306,738151
17.306,738152
17.338,738153
18.9,738154
19.265,738155
19.199,738156
19.199,738157
19.199,738158
19.334,738159
19.917,738160
18.428,738161
17.931,738162
19.02,738163
20.419,738164
20.419,738165
20.436,738166
21.832,738167
25.345,738168
22.224,738169
20.856,738170
20.299,738171
20.299,738172
20.304,738173
19.4,738174
20.123,738175
20.784,738176
20.075,738177
21.06,738178
21.06,738179
21.165,738180
20.908,738181
19.64,738182
19.257,738183
20.624,738184
20.744,738185
20.744,738186
20.759,738187
18.416,738188
18.356,738189
17.612,738190
18.259,738191
18.922,738192
18.922,738193
19.041,738194
20.918,738195
19.788,738196
19.643,738197
18.006,738198
17.668,738199
17.668,738200
17.65,738201
16.826,738202
16.508,738203
16.821,738204
16.831,738205
16.702,738206
16.702,738207
16.704,738208
15.856,738209
16.01,738210
16.048,738211
16.102,738212
15.85,738213
15.85,738214
15.871,738215
16.312,738216
16.267,738217
15.944,738218
16.149,738219
16.542,738220
16.542,738221
16.544,738222
16.761,738223
17.049,738224
17.68,738225
17.916,738226
18.239,738227
18.239,738228
18.314,738229
18.592,738230
17.789,738231
17.935,738232
18.47,738233
17.637,738234
17.637,738235
17.715,738236
18.056,738237
18.227,738238
18.675,738239
18.576,738240
18.641,738241
18.641,738242
18.681,738243
18.332,738244
18.538,738245
19.052,738246
19.186,738247
19.186,738248
19.186,738249
19.186,738250
19.27,738251
20.023,738252
20.098,738253
19.742,738254
19.35,738255
19.35,738256
19.487,738257
20.117,738258
20.428,738259
20.345,738260
20.566,738261
21.021,738262
21.021,738263
21.09,738264
21.438,738265
21.227,738266
21.296,738267
21.714,738268
20.496,738269
20.496,738270
20.57,738271
20.573,738272
21.073,738273
21.896,738274
22.278,738275
23.237,738276
23.237,738277
23.237,738278
23.206,738279
24.009,738280
24.254,738281
25.223,738282
24.091,738283
24.091,738284
24.126,738285
25.179,738286
25.426,738287
26.436,738288
25.799,738289
26.964,738290
26.964,738291
26.997,738292
26.574,738293
25.777,738294
23.785,738295
24.29,738296
25.183,738297
25.183,738298
25.108,738299
24.685,738300
25.749,738301
26.733,738302
25.741,738303
24.911,738304
24.911,738305
24.911,738306
25.199,738307
26.16,738308
25.675,738309
25.869,738310
25.61,738311
25.61,738312
25.612,738313
26.445,738314
27.945,738315
28.399,738316
28.381,738317
28.103,738318
28.103,738319
28.107,738320
29.237,738321
28.451,738322
28.431,738323
28.369,738324
28.984,738325
28.984,738326
29.107,738327
30.113,738328
30.603,738329
31.432,738330
31.98,738331
32.097,738332
32.097,738333
32.186,738334
32.207,738335
33.518,738336
34.829,738337
36.769,738338
36.301,738339
36.301,738340
36.433,738341
37.908,738342
35.897,738343
34.644,738344
32.96,738345
36.026,738346
36.026,738347
36.085,738348
35.547,738349
35.355,738350
34.814,738351
34.204,738352
34.944,738353
34.944,738354
35.009,738355
36.294,738356
35.13,738357
36.006,738358
36.158,738359
35.584,738360
35.584,738361
35.597,738362
36.806,738363
37.606,738364
39.091,738365
40.62,738366
39.843,738367
39.843,738368
40.109,738369
42.226,738370
41.728,738371
41.745,738372
41.77,738373
43.193,738374
43.193,738375
43.298,738376
42.69,738377
44.394,738378
45.066,738379
45.895,738380
44.578,738381
44.578,738382
44.719,738383
47.132,738384
47.186,738385
46.826,738386
42.052,738387
41.443,738388
41.443,738389
41.377,738390
42.243,738391
44.234,738392
45.238,738393
45.09,738394
46.93,738395
46.93,738396
46.93,738397
47.028,738398
49.203,738399
51.891,738400
51.223,738401
51.961,738402
51.961,738403
51.787,738404
52.67,738405
53.075,738406
54.522,738407
55.84,738408
57.012,738409
57.012,738410
57.264,738411
60.897,738412
65.701,738413
72.1,738414
65.384,738415
63.729,738416
63.729,738417
63.681,738418
71.764,738419
72.791,738420
70.773,738421
68.574,738422
68.117,738423
68.117,738424
68.273,738425
74.635,738426
81.997,738427
81.081,738428
90.359,738429
91.707,738430
91.707,738431
93.025,738432
91.632,738433
108.936,738434
117.226,738435
95.562,738436
85.282,738437
85.282,738438
85.761,738439
85.616,738440
85.458,738441
90.289,738442
98.474,738443
94.664,738444
94.664,738445
94.989,738446
95.016,738447
87.65,738448
89.553,738449
88.084,738450
87.35,738451
87.35,738452
87.642,738453
90.075,738454
88.482,738455
85.656,738456
78.49,738457
68.358,738458
68.358,738459
66.293,738460
68.699,738461
66.532,738462
74.028,738463
75.863,738464
72.788,738465
72.788,738466
72.87,738467
76.599,738468
75.856,738469
66.707,738470
71.391,738471
74.693,738472
74.693,738473
74.695,738474
78.63,738475
88.121,738476
98.072,738477
92.463,738478
87.509,738479
87.509,738480
88.263,738481
83.201,738482
89.957,738483
92.147,738484
93.047,738485
90.383,738486
90.383,738487
90.065,738488
93.545,738489
96.692,738490
94.384,738491
92.059,738492
91.73,738493
91.73,738494
92.034,738495
89.452,738496
95.605,738497
101.571,738498
99.976,738499
103.378,738500
103.378,738501
103.754,738502
116.372,738503
120.363,738504
126.918,738505
133.65,738506
135.695,738507
135.695,738508
135.572,738509
144.748,738510
174.698,738511
174.867,738512
137.536,738513
108.656,738514
108.656,738515
108.656,738516
108.656,738517
106.072,738518
97.379,738519
85.913,738520
71.695,738521
71.695,738522
71.695,738523
67.778,738524
90.065,738525
92.557,738526
94.456,738527
93.113,738528
93.113,738529
91.561,738530
88.415,738531
81.867,738532
78.363,738533
74.137,738534
89.697,738535
89.697,738536
89.923,738537
80.874,738538
77.219,738539
73.688,738540
73.674,738541
78.467,738542
78.467,738543
78.724,738544
87.914,738545
92.173,738546
91.234,738547
92.008,738548
92.055,738549
92.055,738550
86.375,738551
86.375,738552
76.08,738553
77.286,738554
77.813,738555
81.763,738556
81.81,738557
81.81,738558
78.112,738559
79.219,738560
75.438,738561
73.347,738562
74.653,738563
74.839,738564
74.839,738565
81.07,738566
72.374,738567
68.553,738568
73.544,738569
71.987,738570
72.065,738571
72.065,738572
72.749,738573
78.605,738574
85.41,738575
123.847,738576
98.171,738577
96.322,738578
96.322,738579
103.476,738580
114.102,738581
165.702,738582
165.776,738583
190.084,738584
191.449,738585
191.449,738586
249.544,738587
211.293,738588
171.128,738589
139.758,738590
123.059,738591
124.22,738592
124.22,738593
116.501,738594
118.148,738595
107.747,738596
106.237,738597
102.542,738598
103.468,738599
103.468,738600
97.112,738601
96.438,738602
106.453,738603
119.201,738604
104.724,738605
103.158,738606
103.158,738607
102.197,738608
110.757,738609
119.76,738610
117.949,738611
119.789,738612
117.887,738613
117.887,738614
110.332,738615
108.384,738616
108.487,738617
104.869,738618
106.953,738619
106.526,738620
106.526,738621
102.247,738622
103.278,738623
104.147,738624
99.375,738625
99.375,738626
99.375,738627
99.375,738628
99.773,738629
92.581,738630
96.261,738631
95.969,738632
96.976,738633
97.935,738634
97.935,738635
97.172,738636
92.413,738637
108.706,738638
102.859,738639
99.773,738640
99.773,738641
99.773,738642
98.005,738643
98.152,738644
102.726,738645
101.904,738646
95.912,738647
95.912,738648
95.96,738649
88.546,738650
83.604,738651
85.475,738652
96.121,738653
90.703,738654
90.703,738655
91.743,738656
91.809,738657
92.304,738658
94.59,738659
90.002,738660
85.775,738661
85.775,738662
87.493,738663
79.197,738664
80.266,738665
80.089,738666
80.966,738667
80.506,738668
80.506,738669
81.791,738670
86.857,738671
90.399,738672
80.951,738673
80.951,738674
80.951,738675
80.951,738676
81.883,738677
79.255,738678
77.708,738679
77.179,738680
83.857,738681
80.958,738682
80.958,738683
82.08,738684
81.59,738685
93.396,738686
100.827,738687
133.43,738688
118.722,738689
118.722,738690
121.551,738691
121.019,738692
122.816,738693
126.898,738694
130.18,738695
125.686,738696
125.686,738697
128.14,738698
130.522,738699
128.776,738700
139.58,738701
146.584,738702
145.334,738703
145.334,738704
145.239,738705
160.231,738706
170.37,738707
167.113,738708
181.63,738709
176.364,738710
176.364,738711
178.027,738712
171.385,738713
172.887,738714
181.297,738715
177.391,738716
159.966,738717
159.966,738718
162.974,738719
158.058,738720
156.853,738721
154.949,738722
151.157,738723
160.13,738724
160.13,738725
160.85,738726
174.256,738727
196.203,738728
209.676,738729
203.344,738730
193.592,738731
193.592,738732
193.033,738733
198.813,738734
205.101,738735
202.174,738736
195.107,738737
194.663,738738
194.663,738739
194.837,738740
193.202,738741
188.891,738742
201.784,738743
211.137,738744
203.677,738745
203.677,738746
204.11,738747
213.008,738748
230.863,738749
230.462,738750
233.843,738751
242.265,738752
242.265,738753
243.737,738754
284.063,738755
268.289,738756
285.051,738757
312.695,738758
315.439,738759
315.439,738760
315.439,738761
319.012,738762
259.415,738763
241.687,738764
229.925,738765
188.623,738766
188.623,738767
191.477,738768
241.997,738769
203.562,738770
215.747,738771
199.151,738772
192.316,738773
192.316,738774
192.761,738775
186.525,738776
189.111,738777
208.488,738778
212.884,738779
164.116,738780
164.116,738781
174.548,738782
165.888,738783
168.952,738784
187.065,738785
174.765,738786
163.954,738787
163.954,738788
165.06,738789
165.003,738790
190.588,738791
198.115,738792
184.503,738793
164.201,738794
164.201,738795
163.503,738796
140.5,738797
110.571,738798
84.644,738799
116.418,738800
110.335,738801
110.335,738802
119.489,738803
102.824,738804
101.478,738805
103.428,738806
94.767,738807
71.597,738808
71.597,738809
71.766,738810
61.197,738811
62.969,738812
66.298,738813
63.86,738814
47.881,738815
47.881,738816
48.372,738817
28.721,738818
36.674,738819
47.918,738820
33.215,738821
27.967,738822
27.967,738823
30.94,738824
36.757,738825
28.294,738826
41.513,738827
75.953,738828
56.322,738829
56.322,738830
60.903,738831
55.607,738832
79.155,738833
93.25,738834
87.099,738835
65.998,738836
65.998,738837
72.555,738838
101.538,738839
116.846,738840
108.84,738841
101.776,738842
108.779,738843
108.779,738844
109.744,738845
117.17,738846
114.973,738847
123.505,738848
121.998,738849
120.013,738850
120.013,738851
122.124,738852
122.214,738853
131.797,738854
143.467,738855
146.256,738856
133.244,738857
133.244,738858
134.214,738859
135.872,738860
138.827,738861
145.94,738862
149.39,738863
141.258,738864
141.258,738865
140.341,738866
137.52,738867
139.567,738868
134.313,738869
135.85,738870
120.943,738871
120.943,738872
119.239,738873
106.853,738874
103.54,738875
95.789,738876
90.875,738877
82.547,738878
82.547,738879
82.547,738880
82.547,738881
83.43,738882
77.354,738883
80.692,738884
75.156,738885
75.156,738886
75.156,738887
76.197,738888
70.371,738889
65.222,738890
63.988,738891
70.577,738892
70.577,738893
69.106,738894
69.994,738895
69.067,738896
64.202,738897
64.962,738898
63.362,738899
63.362,738900
64.59,738901
56.758,738902
57.859,738903
61.567,738904
60.761,738905
66.354,738906
66.354,738907
65.591,738908
66.875,738909
60.574,738910
57.652,738911
57.732,738912
54.225,738913
54.225,738914
53.838,738915
56.652,738916
58.175,738917
59.101,738918
57.354,738919
58.797,738920
58.797,738921
59.266,738922
58.844,738923
57.279,738924
54.948,738925
54.58,738926
54.197,738927
54.197,738928
54.563,738929
52.712,738930
53.409,738931
54.248,738932
52.425,738933
48.886,738934
48.886,738935
49.139,738936
51.116,738937
48.997,738938
50.306,738939
50.566,738940
52.307,738941
52.307,738942
52.276,738943
50.476,738944
48.473,738945
48.526,738946
48.417,738947
46.295,738948
46.295,738949
46.544,738950
43.88,738951
44.109,738952
44.416,738953
42.234,738954
47.615,738955
47.615,738956
46.748,738957
51.501,738958
46.77,738959
43.736,738960
42.688,738961
43.287,738962
43.287,738963
43.349,738964
40.178,738965
39.61,738966
40.351,738967
41.714,738968
41.547,738969
41.547,738970
42.251,738971
43.381,738972
42.509,738973
42.93,738974
42.83,738975
46.733,738976
46.733,738977
47.313,738978
50.262,738979
49.665,738980
47.359,738981
43.783,738982
43.783,738983
43.783,738984
43.783,738985
43.521,738986
43.327,738987
43.812,738988
43.011,738989
41.699,738990
41.699,738991
41.678,738992
42.299,738993
42.64,738994
42.182,738995
40.944,738996
40.6,738997
40.6,738998
40.93,738999
39.861,739000
39.661,739001
38.707,739002
38.852,739003
39.423,739004
39.423,739005
39.423,739006
38.002,739007
38.3,739008
36.609,739009
35.689,739010
35.108,739011
35.108,739012
35.108,739013
35.278,739014
36.32,739015
35.756,739016
34.457,739017
32.00526316,739018
