date,price
735236.0,928.25
735237.0,921.25
735238.0,
735239.0,
735240.0,931.0
735241.0,939.75
735242.0,945.75
735243.0,957.0
735244.0,936.5
735245.0,
735246.0,
735247.0,950.25
735248.0,956.25
735249.0,949.75
735250.0,947.75
735251.0,949.0
735252.0,
735253.0,
735254.0,955.5
735255.0,957.25
735256.0,958.0
735257.0,964.0
735258.0,953.75
735259.0,
735260.0,
735261.0,955.75
735262.0,967.0
735263.0,969.0
735264.0,972.75
735265.0,984.75
735266.0,
735267.0,
735268.0,983.25
735269.0,992.0
735270.0,995.25
735271.0,997.25
735272.0,1011.25
735273.0,
735274.0,
735275.0,1006.75
735276.0,1000.0
735277.0,1003.5
735278.0,998.0
735279.0,990.5
735280.0,
735281.0,
735282.0,993.0
735283.0,982.25
735284.0,978.25
735285.0,965.0
735286.0,962.5
735287.0,
735288.0,
735289.0,961.5
735290.0,941.75
735291.0,929.5
735292.0,925.0
735293.0,910.0
735294.0,
735295.0,
735296.0,909.25
735297.0,914.5
735298.0,916.75
735299.0,919.0
735300.0,910.0
735301.0,
735302.0,
735303.0,911.25
735304.0,908.25
735305.0,897.75
735306.0,896.0
735307.0,906.5
735308.0,
735309.0,
735310.0,901.75
735311.0,890.25
735312.0,890.25
735313.0,889.5
735314.0,888.25
735315.0,
735316.0,
735317.0,889.5
735318.0,893.75
735319.0,903.5
735320.0,903.75
735321.0,
735322.0,
735323.0,
735324.0,
735325.0,923.25
735326.0,905.0
735327.0,880.5
735328.0,875.75
735329.0,
735330.0,
735331.0,876.75
735332.0,874.25
735333.0,881.5
735334.0,874.25
735335.0,846.5
735336.0,
735337.0,
735338.0,838.75
735339.0,827.25
735340.0,817.0
735341.0,820.0
735342.0,824.25
735343.0,
735344.0,
735345.0,831.75
735346.0,834.75
735347.0,842.5
735348.0,853.5
735349.0,854.5
735350.0,
735351.0,
735352.0,853.25
735353.0,842.25
735354.0,819.0
735355.0,832.0
735356.0,854.0
735357.0,
735358.0,
735359.0,
735360.0,866.75
735361.0,861.0
735362.0,866.25
735363.0,847.0
735364.0,
735365.0,
735366.0,857.75
735367.0,859.5
735368.0,844.75
735369.0,872.25
735370.0,874.5
735371.0,
735372.0,
735373.0,880.75
735374.0,872.25
735375.0,865.25
735376.0,846.0
735377.0,849.0
735378.0,
735379.0,
735380.0,
735381.0,874.5
735382.0,866.0
735383.0,858.25
735384.0,845.75
735385.0,
735386.0,
735387.0,858.0
735388.0,858.75
735389.0,869.25
735390.0,863.75
735391.0,872.5
735392.0,
735393.0,
735394.0,867.5
735395.0,856.5
735396.0,873.5
735397.0,880.0
735398.0,899.5
735399.0,
735400.0,
735401.0,894.75
735402.0,892.0
735403.0,896.75
735404.0,876.25
735405.0,858.0
735406.0,
735407.0,
735408.0,856.0
735409.0,870.25
735410.0,863.0
735411.0,883.75
735412.0,881.5
735413.0,
735414.0,
735415.0,881.0
735416.0,879.0
735417.0,901.5
735418.0,900.25
735419.0,909.0
735420.0,
735421.0,
735422.0,911.5
735423.0,907.0
735424.0,906.25
735425.0,905.25
735426.0,907.75
735427.0,
735428.0,
735429.0,907.0
735430.0,913.0
735431.0,915.5
735432.0,917.0
735433.0,918.0
735434.0,
735435.0,
735436.0,909.75
735437.0,909.0
735438.0,902.25
735439.0,902.75
735440.0,899.75
735441.0,
735442.0,
735443.0,903.0
735444.0,897.75
735445.0,903.75
735446.0,922.0
735447.0,918.75
735448.0,
735449.0,
735450.0,915.5
735451.0,905.75
735452.0,902.25
735453.0,886.75
735454.0,893.5
735455.0,
735456.0,
735457.0,902.5
735458.0,917.5
735459.0,916.25
735460.0,927.5
735461.0,930.5
735462.0,
735463.0,
735464.0,931.75
735465.0,928.5
735466.0,929.25
735467.0,926.25
735468.0,932.0
735469.0,
735470.0,
735471.0,
735472.0,951.75
735473.0,961.75
735474.0,968.75
735475.0,960.25
735476.0,
735477.0,
735478.0,952.0
735479.0,956.0
735480.0,956.0
735481.0,959.25
735482.0,965.25
735483.0,
735484.0,
735485.0,955.75
735486.0,934.0
735487.0,939.25
735488.0,947.75
735489.0,946.5
735490.0,
735491.0,
735492.0,941.0
735493.0,923.0
735494.0,920.5
735495.0,931.25
735496.0,922.25
735497.0,
735498.0,
735499.0,909.5
735500.0,904.0
735501.0,917.75
735502.0,919.75
735503.0,925.25
735504.0,
735505.0,
735506.0,911.5
735507.0,903.5
735508.0,923.0
735509.0,926.0
735510.0,921.75
735511.0,
735512.0,
735513.0,927.0
735514.0,938.25
735515.0,928.5
735516.0,948.5
735517.0,932.25
735518.0,
735519.0,
735520.0,929.0
735521.0,938.25
735522.0,943.0
735523.0,930.5
735524.0,936.25
735525.0,
735526.0,
735527.0,937.25
735528.0,932.5
735529.0,917.75
735530.0,905.0
735531.0,902.5
735532.0,
735533.0,
735534.0,920.0
735535.0,925.5
735536.0,931.0
735537.0,926.5
735538.0,908.75
735539.0,
735540.0,
735541.0,897.75
735542.0,897.5
735543.0,898.25
735544.0,883.5
735545.0,887.25
735546.0,
735547.0,
735548.0,897.0
735549.0,889.25
735550.0,896.0
735551.0,905.0
735552.0,907.75
735553.0,
735554.0,
735555.0,903.5
735556.0,904.0
735557.0,904.5
735558.0,917.25
735559.0,931.25
735560.0,
735561.0,
735562.0,928.25
735563.0,939.25
735564.0,935.75
735565.0,935.75
735566.0,936.75
735567.0,
735568.0,
735569.0,936.25
735570.0,939.25
735571.0,940.5
735572.0,936.0
735573.0,932.75
735574.0,
735575.0,
735576.0,925.75
735577.0,920.0
735578.0,922.75
735579.0,916.75
735580.0,909.5
735581.0,
735582.0,
735583.0,924.0
735584.0,911.5
735585.0,920.5
735586.0,926.0
735587.0,937.0
735588.0,
735589.0,
735590.0,937.25
735591.0,935.5
735592.0,
735593.0,
735594.0,945.5
735595.0,
735596.0,
735597.0,935.25
735598.0,934.25
735599.0,
735600.0,917.0
735601.0,904.0
735602.0,
735603.0,
735604.0,903.75
735605.0,904.0
735606.0,905.0
735607.0,898.75
735608.0,890.75
735609.0,
735610.0,
735611.0,896.75
735612.0,890.75
735613.0,902.5
735614.0,897.0
735615.0,905.25
735616.0,
735617.0,
735618.0,896.0
735619.0,905.75
735620.0,906.0
735621.0,908.75
735622.0,908.25
735623.0,
735624.0,
735625.0,900.5
735626.0,904.0
735627.0,910.25
735628.0,910.5
735629.0,900.75
735630.0,
735631.0,
735632.0,888.25
735633.0,894.0
735634.0,888.25
735635.0,896.75
735636.0,908.5
735637.0,
735638.0,
735639.0,910.0
735640.0,911.5
735641.0,912.0
735642.0,909.5
735643.0,909.5
735644.0,
735645.0,
735646.0,912.5
735647.0,920.25
735648.0,926.75
735649.0,924.0
735650.0,916.5
735651.0,
735652.0,
735653.0,918.5
735654.0,909.75
735655.0,910.5
735656.0,902.5
735657.0,905.0
735658.0,
735659.0,
735660.0,924.5
735661.0,904.5
735662.0,897.75
735663.0,890.25
735664.0,898.25
735665.0,
735666.0,
735667.0,892.5
735668.0,892.25
735669.0,880.75
735670.0,876.5
735671.0,887.0
735672.0,
735673.0,
735674.0,878.5
735675.0,879.75
735676.0,877.0
735677.0,877.75
735678.0,889.0
735679.0,
735680.0,
735681.0,884.25
735682.0,890.5
735683.0,883.0
735684.0,889.25
735685.0,893.25
735686.0,
735687.0,
735688.0,884.0
735689.0,882.5
735690.0,861.5
735691.0,868.75
735692.0,879.25
735693.0,
735694.0,
735695.0,872.75
735696.0,879.5
735697.0,893.75
735698.0,893.5
735699.0,896.0
735700.0,
735701.0,
735702.0,901.25
735703.0,909.25
735704.0,916.0
735705.0,911.0
735706.0,
735707.0,
735708.0,
735709.0,
735710.0,911.25
735711.0,906.0
735712.0,912.5
735713.0,905.5
735714.0,
735715.0,
735716.0,902.25
735717.0,909.0
735718.0,892.75
735719.0,889.25
735720.0,898.5
735721.0,
735722.0,
735723.0,
735724.0,889.0
735725.0,891.5
735726.0,891.0
735727.0,893.0
735728.0,
735729.0,
735730.0,894.25
735731.0,897.0
735732.0,905.75
735733.0,904.0
735734.0,906.25
735735.0,
735736.0,
735737.0,903.0
735738.0,902.5
735739.0,907.75
735740.0,906.75
735741.0,903.0
735742.0,
735743.0,
735744.0,
735745.0,898.75
735746.0,891.0
735747.0,893.5
735748.0,880.0
735749.0,
735750.0,
735751.0,878.0
735752.0,871.5
735753.0,870.25
735754.0,872.25
735755.0,871.75
735756.0,
735757.0,
735758.0,882.75
735759.0,875.75
735760.0,883.25
735761.0,901.5
735762.0,910.75
735763.0,
735764.0,
735765.0,915.0
735766.0,922.75
735767.0,926.0
735768.0,929.5
735769.0,926.0
735770.0,
735771.0,
735772.0,918.5
735773.0,927.5
735774.0,920.0
735775.0,916.5
735776.0,912.5
735777.0,
735778.0,
735779.0,905.75
735780.0,907.25
735781.0,902.0
735782.0,893.25
735783.0,891.25
735784.0,
735785.0,
735786.0,890.5
735787.0,882.25
735788.0,876.75
735789.0,879.0
735790.0,874.25
735791.0,
735792.0,
735793.0,874.5
735794.0,867.0
735795.0,877.0
735796.0,876.0
735797.0,877.0
735798.0,
735799.0,
735800.0,874.5
735801.0,878.75
735802.0,884.25
735803.0,880.25
735804.0,887.5
735805.0,
735806.0,
735807.0,884.5
735808.0,890.0
735809.0,890.0
735810.0,883.0
735811.0,877.75
735812.0,
735813.0,
735814.0,875.75
735815.0,864.0
735816.0,873.5
735817.0,874.75
735818.0,874.25
735819.0,
735820.0,
735821.0,878.75
735822.0,866.75
735823.0,867.0
735824.0,858.75
735825.0,860.0
735826.0,
735827.0,
735828.0,847.25
735829.0,851.25
735830.0,853.25
735831.0,855.0
735832.0,854.5
735833.0,
735834.0,
735835.0,
735836.0,859.5
735837.0,858.75
735838.0,858.5
735839.0,859.5
735840.0,
735841.0,
735842.0,859.0
735843.0,849.75
735844.0,857.75
735845.0,858.5
735846.0,846.5
735847.0,
735848.0,
735849.0,842.75
735850.0,842.25
735851.0,828.25
735852.0,826.0
735853.0,824.75
735854.0,
735855.0,
735856.0,824.25
735857.0,828.0
735858.0,827.25
735859.0,816.25
735860.0,813.75
735861.0,
735862.0,
735863.0,805.0
735864.0,805.5
735865.0,799.25
735866.0,806.5
735867.0,804.75
735868.0,
735869.0,
735870.0,807.5
735871.0,800.25
735872.0,801.75
735873.0,780.0
735874.0,773.25
735875.0,
735876.0,
735877.0,776.0
735878.0,773.75
735879.0,766.0
735880.0,763.0
735881.0,757.5
735882.0,
735883.0,
735884.0,753.0
735885.0,738.5
735886.0,724.5
735887.0,717.25
735888.0,727.25
735889.0,
735890.0,
735891.0,722.5
735892.0,726.75
735893.0,733.5
735894.0,732.0
735895.0,724.75
735896.0,
735897.0,
735898.0,727.5
735899.0,727.75
735900.0,741.75
735901.0,731.5
735902.0,727.75
735903.0,
735904.0,
735905.0,735.25
735906.0,715.0
735907.0,718.5
735908.0,713.75
735909.0,730.5
735910.0,
735911.0,
735912.0,732.0
735913.0,713.5
735914.0,716.0
735915.0,693.0
735916.0,682.75
735917.0,
735918.0,
735919.0,684.25
735920.0,685.25
735921.0,685.25
735922.0,682.0
735923.0,691.75
735924.0,
735925.0,
735926.0,691.25
735927.0,678.25
735928.0,680.5
735929.0,627.5
735930.0,641.0
735931.0,
735932.0,
735933.0,626.5
735934.0,622.5
735935.0,616.75
735936.0,606.25
735937.0,602.25
735938.0,
735939.0,
735940.0,584.5
735941.0,587.0
735942.0,564.5
735943.0,563.75
735944.0,550.75
735945.0,
735946.0,
735947.0,540.25
735948.0,532.0
735949.0,531.0
735950.0,524.75
735951.0,527.25
735952.0,
735953.0,
735954.0,524.5
735955.0,528.75
735956.0,522.0
735957.0,
735958.0,
735959.0,
735960.0,
735961.0,512.25
735962.0,501.25
735963.0,491.0
735964.0,
735965.0,489.75
735966.0,
735967.0,
735968.0,471.25
735969.0,465.5
735970.0,454.0
735971.0,457.75
735972.0,449.75
735973.0,
735974.0,
735975.0,441.5
735976.0,427.0
735977.0,430.75
735978.0,444.75
735979.0,443.75
735980.0,
735981.0,
735982.0,444.0
735983.0,443.75
735984.0,441.75
735985.0,443.75
735986.0,446.25
735987.0,
735988.0,
735989.0,447.5
735990.0,447.5
735991.0,450.75
735992.0,446.25
735993.0,451.25
735994.0,
735995.0,
735996.0,488.75
735997.0,512.75
735998.0,513.5
735999.0,522.0
736000.0,531.5
736001.0,
736002.0,
736003.0,540.5
736004.0,534.5
736005.0,525.5
736006.0,544.0
736007.0,568.0
736008.0,
736009.0,
736010.0,567.5
736011.0,556.5
736012.0,555.5
736013.0,545.25
736014.0,555.25
736015.0,
736016.0,
736017.0,543.25
736018.0,540.25
736019.0,539.5
736020.0,545.75
736021.0,552.0
736022.0,
736023.0,
736024.0,544.25
736025.0,551.5
736026.0,541.25
736027.0,545.75
736028.0,543.0
736029.0,
736030.0,
736031.0,537.0
736032.0,518.75
736033.0,517.75
736034.0,509.0
736035.0,491.75
736036.0,
736037.0,
736038.0,476.25
736039.0,475.5
736040.0,485.0
736041.0,487.5
736042.0,492.75
736043.0,
736044.0,
736045.0,496.25
736046.0,493.0
736047.0,494.25
736048.0,515.75
736049.0,508.25
736050.0,
736051.0,
736052.0,491.25
736053.0,492.5
736054.0,498.75
736055.0,485.5
736056.0,
736057.0,
736058.0,
736059.0,
736060.0,509.5
736061.0,497.25
736062.0,493.75
736063.0,499.25
736064.0,
736065.0,
736066.0,497.75
736067.0,497.25
736068.0,513.25
736069.0,529.75
736070.0,536.5
736071.0,
736072.0,
736073.0,537.5
736074.0,538.5
736075.0,542.0
736076.0,558.75
736077.0,561.25
736078.0,
736079.0,
736080.0,560.5
736081.0,564.0
736082.0,573.25
736083.0,584.0
736084.0,585.5
736085.0,
736086.0,
736087.0,
736088.0,611.0
736089.0,612.75
736090.0,596.25
736091.0,585.0
736092.0,
736093.0,
736094.0,580.25
736095.0,602.25
736096.0,612.0
736097.0,612.75
736098.0,608.75
736099.0,
736100.0,
736101.0,604.0
736102.0,589.5
736103.0,587.75
736104.0,604.75
736105.0,594.0
736106.0,
736107.0,
736108.0,
736109.0,577.5
736110.0,569.0
736111.0,561.5
736112.0,585.5
736113.0,
736114.0,
736115.0,580.5
736116.0,581.75
736117.0,572.75
736118.0,556.5
736119.0,556.25
736120.0,
736121.0,
736122.0,563.5
736123.0,576.0
736124.0,581.5
736125.0,576.25
736126.0,567.75
736127.0,
736128.0,
736129.0,559.5
736130.0,563.25
736131.0,571.25
736132.0,573.25
736133.0,556.5
736134.0,
736135.0,
736136.0,551.0
736137.0,558.25
736138.0,552.0
736139.0,544.0
736140.0,543.25
736141.0,
736142.0,
736143.0,531.5
736144.0,543.5
736145.0,537.75
736146.0,538.5
736147.0,518.75
736148.0,
736149.0,
736150.0,499.25
736151.0,482.5
736152.0,492.5
736153.0,507.25
736154.0,503.25
736155.0,
736156.0,
736157.0,507.5
736158.0,503.25
736159.0,498.75
736160.0,497.25
736161.0,489.0
736162.0,
736163.0,
736164.0,488.0
736165.0,488.0
736166.0,492.25
736167.0,489.75
736168.0,479.5
736169.0,
736170.0,
736171.0,469.5
736172.0,476.5
736173.0,475.75
736174.0,474.75
736175.0,470.25
736176.0,
736177.0,
736178.0,457.75
736179.0,456.0
736180.0,451.5
736181.0,443.25
736182.0,446.25
736183.0,
736184.0,
736185.0,459.5
736186.0,449.25
736187.0,457.5
736188.0,456.5
736189.0,453.5
736190.0,
736191.0,
736192.0,454.5
736193.0,449.75
736194.0,442.75
736195.0,439.0
736196.0,421.25
736197.0,
736198.0,
736199.0,407.0
736200.0,408.25
736201.0,402.5
736202.0,423.5
736203.0,455.5
736204.0,
736205.0,
736206.0,
736207.0,460.75
736208.0,451.0
736209.0,476.5
736210.0,466.25
736211.0,
736212.0,
736213.0,450.25
736214.0,462.5
736215.0,455.25
736216.0,454.5
736217.0,450.0
736218.0,
736219.0,
736220.0,440.5
736221.0,433.75
736222.0,453.75
736223.0,444.5
736224.0,440.25
736225.0,
736226.0,
736227.0,442.0
736228.0,438.0
736229.0,452.0
736230.0,444.25
736231.0,445.5
736232.0,
736233.0,
736234.0,435.75
736235.0,444.25
736236.0,442.0
736237.0,444.25
736238.0,428.25
736239.0,
736240.0,
736241.0,450.75
736242.0,464.25
736243.0,461.75
736244.0,460.0
736245.0,460.5
736246.0,
736247.0,
736248.0,444.75
736249.0,425.0
736250.0,424.0
736251.0,420.5
736252.0,428.5
736253.0,
736254.0,
736255.0,420.0
736256.0,417.25
736257.0,419.0
736258.0,421.5
736259.0,421.0
736260.0,
736261.0,
736262.0,418.75
736263.0,409.75
736264.0,429.5
736265.0,430.75
736266.0,428.5
736267.0,
736268.0,
736269.0,427.0
736270.0,434.0
736271.0,424.5
736272.0,419.0
736273.0,417.25
736274.0,
736275.0,
736276.0,416.75
736277.0,421.25
736278.0,412.75
736279.0,404.0
736280.0,398.5
736281.0,
736282.0,
736283.0,388.0
736284.0,395.75
736285.0,395.25
736286.0,399.75
736287.0,397.0
736288.0,
736289.0,
736290.0,405.75
736291.0,407.25
736292.0,402.5
736293.0,396.75
736294.0,392.5
736295.0,
736296.0,
736297.0,394.25
736298.0,378.5
736299.0,369.75
736300.0,371.5
736301.0,373.75
736302.0,
736303.0,
736304.0,352.75
736305.0,349.25
736306.0,344.75
736307.0,336.25
736308.0,314.0
736309.0,
736310.0,
736311.0,303.25
736312.0,317.25
736313.0,309.25
736314.0,307.75
736315.0,315.0
736316.0,
736317.0,
736318.0,302.25
736319.0,307.5
736320.0,311.0
736321.0,314.0
736322.0,
736323.0,
736324.0,
736325.0,
736326.0,316.25
736327.0,307.5
736328.0,302.0
736329.0,
736330.0,
736331.0,
736332.0,307.5
736333.0,309.5
736334.0,296.75
736335.0,299.5
736336.0,281.75
736337.0,
736338.0,
736339.0,274.75
736340.0,269.0
736341.0,265.0
736342.0,260.75
736343.0,257.25
736344.0,
736345.0,
736346.0,251.5
736347.0,253.75
736348.0,231.25
736349.0,243.0
736350.0,268.5
736351.0,
736352.0,
736353.0,260.75
736354.0,265.0
736355.0,275.0
736356.0,290.25
736357.0,288.75
736358.0,
736359.0,
736360.0,282.5
736361.0,279.0
736362.0,291.5
736363.0,301.75
736364.0,295.25
736365.0,
736366.0,
736367.0,294.5
736368.0,277.0
736369.0,267.0
736370.0,272.0
736371.0,297.75
736372.0,
736373.0,
736374.0,297.25
736375.0,292.0
736376.0,306.75
736377.0,307.75
736378.0,293.25
736379.0,
736380.0,
736381.0,301.75
736382.0,288.25
736383.0,289.75
736384.0,294.5
736385.0,309.75
736386.0,
736387.0,
736388.0,309.75
736389.0,308.0
736390.0,316.25
736391.0,314.25
736392.0,321.25
736393.0,
736394.0,
736395.0,336.75
736396.0,338.5
736397.0,341.25
736398.0,336.0
736399.0,341.75
736400.0,
736401.0,
736402.0,330.25
736403.0,324.5
736404.0,341.5
736405.0,354.75
736406.0,355.5
736407.0,
736408.0,
736409.0,352.0
736410.0,356.0
736411.0,346.25
736412.0,339.25
736413.0,
736414.0,
736415.0,
736416.0,
736417.0,323.0
736418.0,333.25
736419.0,337.25
736420.0,317.0
736421.0,
736422.0,
736423.0,311.25
736424.0,300.0
736425.0,316.0
736426.0,307.5
736427.0,338.25
736428.0,
736429.0,
736430.0,342.0
736431.0,357.75
736432.0,358.25
736433.0,358.5
736434.0,348.25
736435.0,
736436.0,
736437.0,353.75
736438.0,360.25
736439.0,367.5
736440.0,372.75
736441.0,378.0
736442.0,
736443.0,
736444.0,375.75
736445.0,382.0
736446.0,387.5
736447.0,399.75
736448.0,397.25
736449.0,
736450.0,
736451.0,
736452.0,373.5
736453.0,375.5
736454.0,380.75
736455.0,382.25
736456.0,
736457.0,
736458.0,364.5
736459.0,379.75
736460.0,401.5
736461.0,399.75
736462.0,407.0
736463.0,
736464.0,
736465.0,419.5
736466.0,430.5
736467.0,438.25
736468.0,423.25
736469.0,434.0
736470.0,
736471.0,
736472.0,431.75
736473.0,438.5
736474.0,438.0
736475.0,437.25
736476.0,436.25
736477.0,
736478.0,
736479.0,
736480.0,441.5
736481.0,430.0
736482.0,437.25
736483.0,430.25
736484.0,
736485.0,
736486.0,433.25
736487.0,443.25
736488.0,451.75
736489.0,447.0
736490.0,439.25
736491.0,
736492.0,
736493.0,439.5
736494.0,431.75
736495.0,427.75
736496.0,410.75
736497.0,420.5
736498.0,
736499.0,
736500.0,438.0
736501.0,433.0
736502.0,432.5
736503.0,436.75
736504.0,422.5
736505.0,
736506.0,
736507.0,408.0
736508.0,415.75
736509.0,436.75
736510.0,428.75
736511.0,420.5
736512.0,
736513.0,
736514.0,422.25
736515.0,404.5
736516.0,404.25
736517.0,405.0
736518.0,395.75
736519.0,
736520.0,
736521.0,396.75
736522.0,405.0
736523.0,385.0
736524.0,392.25
736525.0,392.75
736526.0,
736527.0,
736528.0,382.75
736529.0,390.0
736530.0,394.25
736531.0,389.0
736532.0,377.5
736533.0,
736534.0,
736535.0,371.75
736536.0,369.75
736537.0,365.5
736538.0,357.25
736539.0,356.25
736540.0,
736541.0,
736542.0,343.75
736543.0,344.5
736544.0,351.0
736545.0,355.0
736546.0,359.5
736547.0,
736548.0,
736549.0,371.75
736550.0,375.0
736551.0,368.5
736552.0,386.5
736553.0,393.75
736554.0,
736555.0,
736556.0,407.0
736557.0,413.75
736558.0,415.5
736559.0,428.0
736560.0,427.5
736561.0,
736562.0,
736563.0,421.5
736564.0,425.25
736565.0,417.25
736566.0,422.75
736567.0,424.5
736568.0,
736569.0,
736570.0,
736571.0,415.5
736572.0,402.0
736573.0,389.0
736574.0,398.5
736575.0,
736576.0,
736577.0,402.25
736578.0,398.25
736579.0,403.0
736580.0,421.75
736581.0,416.75
736582.0,
736583.0,
736584.0,414.75
736585.0,406.75
736586.0,401.0
736587.0,407.0
736588.0,404.5
736589.0,
736590.0,
736591.0,410.25
736592.0,404.0
736593.0,409.25
736594.0,418.25
736595.0,416.25
736596.0,
736597.0,
736598.0,417.25
736599.0,400.5
736600.0,407.0
736601.0,434.75
736602.0,435.5
736603.0,
736604.0,
736605.0,437.75
736606.0,446.75
736607.0,455.5
736608.0,459.25
736609.0,457.75
736610.0,
736611.0,
736612.0,466.5
736613.0,459.75
736614.0,453.25
736615.0,455.0
736616.0,450.0
736617.0,
736618.0,
736619.0,446.75
736620.0,447.75
736621.0,459.5
736622.0,448.25
736623.0,451.75
736624.0,
736625.0,
736626.0,451.75
736627.0,449.5
736628.0,448.0
736629.0,450.5
736630.0,446.5
736631.0,
736632.0,
736633.0,425.25
736634.0,421.5
736635.0,407.75
736636.0,408.25
736637.0,403.25
736638.0,
736639.0,
736640.0,403.5
736641.0,406.25
736642.0,403.25
736643.0,403.0
736644.0,390.0
736645.0,
736646.0,
736647.0,383.5
736648.0,399.5
736649.0,401.25
736650.0,401.5
736651.0,403.75
736652.0,
736653.0,
736654.0,426.25
736655.0,422.5
736656.0,422.5
736657.0,421.75
736658.0,409.25
736659.0,
736660.0,
736661.0,417.5
736662.0,403.25
736663.0,429.25
736664.0,458.0
736665.0,460.0
736666.0,
736667.0,
736668.0,463.25
736669.0,457.75
736670.0,456.75
736671.0,456.5
736672.0,462.0
736673.0,
736674.0,
736675.0,477.75
736676.0,476.5
736677.0,474.75
736678.0,460.5
736679.0,473.75
736680.0,
736681.0,
736682.0,470.0
736683.0,469.0
736684.0,464.0
736685.0,466.75
736686.0,463.0
736687.0,
736688.0,
736689.0,
736690.0,
736691.0,481.0
736692.0,483.25
736693.0,483.75
736694.0,
736695.0,
736696.0,
736697.0,478.0
736698.0,478.5
736699.0,477.5
736700.0,484.25
736701.0,
736702.0,
736703.0,474.0
736704.0,464.5
736705.0,472.75
736706.0,480.5
736707.0,475.75
736708.0,
736709.0,
736710.0,475.75
736711.0,480.0
736712.0,475.0
736713.0,469.5
736714.0,479.75
736715.0,
736716.0,
736717.0,476.0
736718.0,480.0
736719.0,480.5
736720.0,487.75
736721.0,479.25
736722.0,
736723.0,
736724.0,479.25
736725.0,488.0
736726.0,492.25
736727.0,494.25
736728.0,491.0
736729.0,
736730.0,
736731.0,488.75
736732.0,480.0
736733.0,485.5
736734.0,485.25
736735.0,492.25
736736.0,
736737.0,
736738.0,480.0
736739.0,486.75
736740.0,484.0
736741.0,480.25
736742.0,479.75
736743.0,
736744.0,
736745.0,488.5
736746.0,493.5
736747.0,481.75
736748.0,489.5
736749.0,483.25
736750.0,
736751.0,
736752.0,485.75
736753.0,477.25
736754.0,484.75
736755.0,472.0
736756.0,472.0
736757.0,
736758.0,
736759.0,475.25
736760.0,475.75
736761.0,470.0
736762.0,447.25
736763.0,444.5
736764.0,
736765.0,
736766.0,440.75
736767.0,432.5
736768.0,439.5
736769.0,440.0
736770.0,440.5
736771.0,
736772.0,
736773.0,440.0
736774.0,435.5
736775.0,428.0
736776.0,430.5
736777.0,429.0
736778.0,
736779.0,
736780.0,431.5
736781.0,440.75
736782.0,443.75
736783.0,450.25
736784.0,451.0
736785.0,
736786.0,
736787.0,452.75
736788.0,461.0
736789.0,464.0
736790.0,466.0
736791.0,473.0
736792.0,
736793.0,
736794.0,479.75
736795.0,478.75
736796.0,482.75
736797.0,479.5
736798.0,
736799.0,
736800.0,
736801.0,
736802.0,472.5
736803.0,468.75
736804.0,456.75
736805.0,447.75
736806.0,
736807.0,
736808.0,447.0
736809.0,445.0
736810.0,448.75
736811.0,434.0
736812.0,438.0
736813.0,
736814.0,
736815.0,
736816.0,433.25
736817.0,427.75
736818.0,415.25
736819.0,423.25
736820.0,
736821.0,
736822.0,419.25
736823.0,424.0
736824.0,433.5
736825.0,438.25
736826.0,438.0
736827.0,
736828.0,
736829.0,447.5
736830.0,448.0
736831.0,454.0
736832.0,453.75
736833.0,462.5
736834.0,
736835.0,
736836.0,467.25
736837.0,467.0
736838.0,467.75
736839.0,460.0
736840.0,446.75
736841.0,
736842.0,
736843.0,
736844.0,442.75
736845.0,432.25
736846.0,436.75
736847.0,424.25
736848.0,
736849.0,
736850.0,417.0
736851.0,414.25
736852.0,407.75
736853.0,407.0
736854.0,413.0
736855.0,
736856.0,
736857.0,414.5
736858.0,412.25
736859.0,405.5
736860.0,406.25
736861.0,410.0
736862.0,
736863.0,
736864.0,410.5
736865.0,398.75
736866.0,397.25
736867.0,395.75
736868.0,394.0
736869.0,
736870.0,
736871.0,392.25
736872.0,406.75
736873.0,410.5
736874.0,416.75
736875.0,421.0
736876.0,
736877.0,
736878.0,431.75
736879.0,433.75
736880.0,424.5
736881.0,429.25
736882.0,410.25
736883.0,
736884.0,
736885.0,416.5
736886.0,417.0
736887.0,421.75
736888.0,425.25
736889.0,427.25
736890.0,
736891.0,
736892.0,429.5
736893.0,428.75
736894.0,438.0
736895.0,444.75
736896.0,434.5
736897.0,
736898.0,
736899.0,433.75
736900.0,443.5
736901.0,452.5
736902.0,457.75
736903.0,465.75
736904.0,
736905.0,
736906.0,469.25
736907.0,463.5
736908.0,469.75
736909.0,470.75
736910.0,466.75
736911.0,
736912.0,
736913.0,455.75
736914.0,460.0
736915.0,459.75
736916.0,465.25
736917.0,461.75
736918.0,
736919.0,
736920.0,463.0
736921.0,450.25
736922.0,449.75
736923.0,444.0
736924.0,450.5
736925.0,
736926.0,
736927.0,450.0
736928.0,452.5
736929.0,458.25
736930.0,461.0
736931.0,459.0
736932.0,
736933.0,
736934.0,
736935.0,462.5
736936.0,475.75
736937.0,484.25
736938.0,488.75
736939.0,
736940.0,
736941.0,481.5
736942.0,493.5
736943.0,496.25
736944.0,499.75
736945.0,499.25
736946.0,
736947.0,
736948.0,491.5
736949.0,492.0
736950.0,499.75
736951.0,509.0
736952.0,515.0
736953.0,
736954.0,
736955.0,502.0
736956.0,505.5
736957.0,514.5
736958.0,517.25
736959.0,517.25
736960.0,
736961.0,
736962.0,525.25
736963.0,519.75
736964.0,519.75
736965.0,521.0
736966.0,517.25
736967.0,
736968.0,
736969.0,498.5
736970.0,494.25
736971.0,494.25
736972.0,505.5
736973.0,487.5
736974.0,
736975.0,
736976.0,483.0
736977.0,496.5
736978.0,496.0
736979.0,496.25
736980.0,510.75
736981.0,
736982.0,
736983.0,519.75
736984.0,514.25
736985.0,510.25
736986.0,506.0
736987.0,510.25
736988.0,
736989.0,
736990.0,503.25
736991.0,502.25
736992.0,510.0
736993.0,512.0
736994.0,523.5
736995.0,
736996.0,
736997.0,522.0
736998.0,526.75
736999.0,527.75
737000.0,520.25
737001.0,528.5
737002.0,
737003.0,
737004.0,545.0
737005.0,546.5
737006.0,546.5
737007.0,553.25
737008.0,551.25
737009.0,
737010.0,
737011.0,550.0
737012.0,538.75
737013.0,546.0
737014.0,547.5
737015.0,555.25
737016.0,
737017.0,
737018.0,546.25
737019.0,548.5
737020.0,550.5
737021.0,554.75
737022.0,554.25
737023.0,
737024.0,
737025.0,553.25
737026.0,552.75
737027.0,547.25
737028.0,542.0
737029.0,552.5
737030.0,
737031.0,
737032.0,542.25
737033.0,544.0
737034.0,535.75
737035.0,541.5
737036.0,555.0
737037.0,
737038.0,
737039.0,561.25
737040.0,559.25
737041.0,551.0
737042.0,549.0
737043.0,551.75
737044.0,
737045.0,
737046.0,557.5
737047.0,556.0
737048.0,561.75
737049.0,561.5
737050.0,561.75
737051.0,
737052.0,
737053.0,
737054.0,
737055.0,579.0
737056.0,582.0
737057.0,588.5
737058.0,
737059.0,
737060.0,
737061.0,583.25
737062.0,592.5
737063.0,593.75
737064.0,589.25
737065.0,
737066.0,
737067.0,586.25
737068.0,591.0
737069.0,599.25
737070.0,604.25
737071.0,598.5
737072.0,
737073.0,
737074.0,604.5
737075.0,599.75
737076.0,596.0
737077.0,596.25
737078.0,595.0
737079.0,
737080.0,
737081.0,600.75
737082.0,602.25
737083.0,604.75
737084.0,610.75
737085.0,612.25
737086.0,
737087.0,
737088.0,600.25
737089.0,594.25
737090.0,594.0
737091.0,599.5
737092.0,592.5
737093.0,
737094.0,
737095.0,591.25
737096.0,577.5
737097.0,563.5
737098.0,552.5
737099.0,538.25
737100.0,
737101.0,
737102.0,538.0
737103.0,528.25
737104.0,532.75
737105.0,539.25
737106.0,554.25
737107.0,
737108.0,
737109.0,562.5
737110.0,559.0
737111.0,561.5
737112.0,571.25
737113.0,577.0
737114.0,
737115.0,
737116.0,582.0
737117.0,578.75
737118.0,563.0
737119.0,547.5
737120.0,549.25
737121.0,
737122.0,
737123.0,559.25
737124.0,559.0
737125.0,559.0
737126.0,553.75
737127.0,562.5
737128.0,
737129.0,
737130.0,553.25
737131.0,553.5
737132.0,555.75
737133.0,558.25
737134.0,563.75
737135.0,
737136.0,
737137.0,568.5
737138.0,576.0
737139.0,596.0
737140.0,591.75
737141.0,596.0
737142.0,
737143.0,
737144.0,596.5
737145.0,601.75
737146.0,601.0
737147.0,592.5
737148.0,
737149.0,
737150.0,
737151.0,
737152.0,595.5
737153.0,593.0
737154.0,592.0
737155.0,587.5
737156.0,
737157.0,
737158.0,598.25
737159.0,613.0
737160.0,629.75
737161.0,622.5
737162.0,627.75
737163.0,
737164.0,
737165.0,619.0
737166.0,615.5
737167.0,628.0
737168.0,640.25
737169.0,631.75
737170.0,
737171.0,
737172.0,636.5
737173.0,642.0
737174.0,635.75
737175.0,646.25
737176.0,640.75
737177.0,
737178.0,
737179.0,642.0
737180.0,633.5
737181.0,627.5
737182.0,626.75
737183.0,634.5
737184.0,
737185.0,
737186.0,
737187.0,629.25
737188.0,657.0
737189.0,654.5
737190.0,661.0
737191.0,
737192.0,
737193.0,664.0
737194.0,672.75
737195.0,669.25
737196.0,690.5
737197.0,680.25
737198.0,
737199.0,
737200.0,678.5
737201.0,687.75
737202.0,682.25
737203.0,682.75
737204.0,661.25
737205.0,
737206.0,
737207.0,
737208.0,652.75
737209.0,666.75
737210.0,667.75
737211.0,657.75
737212.0,
737213.0,
737214.0,652.5
737215.0,644.75
737216.0,642.5
737217.0,656.5
737218.0,658.25
737219.0,
737220.0,
737221.0,656.25
737222.0,658.5
737223.0,656.75
737224.0,651.0
737225.0,631.25
737226.0,
737227.0,
737228.0,639.0
737229.0,637.75
737230.0,638.25
737231.0,626.25
737232.0,637.5
737233.0,
737234.0,
737235.0,635.0
737236.0,635.5
737237.0,657.25
737238.0,656.0
737239.0,666.25
737240.0,
737241.0,
737242.0,652.75
737243.0,646.25
737244.0,655.5
737245.0,659.75
737246.0,652.25
737247.0,
737248.0,
737249.0,659.25
737250.0,666.0
737251.0,653.0
737252.0,627.5
737253.0,641.75
737254.0,
737255.0,
737256.0,623.0
737257.0,620.0
737258.0,619.75
737259.0,630.0
737260.0,631.5
737261.0,
737262.0,
737263.0,639.75
737264.0,645.5
737265.0,646.5
737266.0,653.75
737267.0,654.0
737268.0,
737269.0,
737270.0,652.75
737271.0,645.75
737272.0,630.5
737273.0,638.5
737274.0,642.75
737275.0,
737276.0,
737277.0,647.75
737278.0,649.75
737279.0,637.25
737280.0,637.0
737281.0,644.75
737282.0,
737283.0,
737284.0,642.25
737285.0,642.0
737286.0,624.75
737287.0,632.0
737288.0,636.25
737289.0,
737290.0,
737291.0,635.0
737292.0,641.0
737293.0,652.25
737294.0,656.0
737295.0,668.0
737296.0,
737297.0,
737298.0,
737299.0,674.0
737300.0,672.0
737301.0,679.0
737302.0,681.0
737303.0,
737304.0,
737305.0,687.5
737306.0,688.25
737307.0,678.5
737308.0,668.5
737309.0,667.0
737310.0,
737311.0,
737312.0,672.25
737313.0,677.5
737314.0,684.25
737315.0,671.5
737316.0,667.75
737317.0,
737318.0,
737319.0,670.25
737320.0,674.0
737321.0,676.75
737322.0,676.0
737323.0,675.75
737324.0,
737325.0,
737326.0,689.5
737327.0,701.75
737328.0,697.0
737329.0,698.0
737330.0,709.25
737331.0,
737332.0,
737333.0,717.25
737334.0,724.25
737335.0,722.0
737336.0,725.25
737337.0,721.25
737338.0,
737339.0,
737340.0,713.75
737341.0,721.5
737342.0,714.5
737343.0,697.5
737344.0,695.0
737345.0,
737346.0,
737347.0,692.5
737348.0,692.75
737349.0,690.75
737350.0,694.0
737351.0,696.75
737352.0,
737353.0,
737354.0,700.75
737355.0,689.0
737356.0,685.75
737357.0,690.5
737358.0,697.0
737359.0,
737360.0,
737361.0,694.25
737362.0,684.75
737363.0,690.25
737364.0,664.5
737365.0,658.0
737366.0,
737367.0,
737368.0,660.0
737369.0,652.5
737370.0,666.5
737371.0,660.75
737372.0,646.75
737373.0,
737374.0,
737375.0,655.0
737376.0,627.0
737377.0,631.75
737378.0,624.25
737379.0,620.5
737380.0,
737381.0,
737382.0,619.75
737383.0,599.5
737384.0,592.75
737385.0,583.25
737386.0,558.5
737387.0,
737388.0,
737389.0,566.25
737390.0,559.25
737391.0,545.25
737392.0,542.75
737393.0,536.25
737394.0,
737395.0,
737396.0,558.0
737397.0,565.0
737398.0,566.25
737399.0,537.0
737400.0,567.25
737401.0,
737402.0,
737403.0,550.25
737404.0,546.75
737405.0,553.0
737406.0,545.75
737407.0,543.75
737408.0,
737409.0,
737410.0,538.5
737411.0,517.75
737412.0,525.0
737413.0,506.5
737414.0,491.5
737415.0,
737416.0,
737417.0,
737418.0,
737419.0,
737420.0,487.25
737421.0,473.5
737422.0,
737423.0,
737424.0,
737425.0,
737426.0,496.25
737427.0,492.5
737428.0,512.5
737429.0,
737430.0,
737431.0,529.0
737432.0,527.25
737433.0,542.75
737434.0,555.0
737435.0,553.5
737436.0,
737437.0,
737438.0,551.75
737439.0,541.5
737440.0,553.5
737441.0,548.75
737442.0,560.75
737443.0,
737444.0,
737445.0,560.0
737446.0,551.5
737447.0,555.25
737448.0,552.75
737449.0,555.75
737450.0,
737451.0,
737452.0,542.0
737453.0,557.75
737454.0,563.0
737455.0,567.0
737456.0,560.25
737457.0,
737458.0,
737459.0,564.25
737460.0,562.25
737461.0,565.75
737462.0,558.75
737463.0,563.75
737464.0,
737465.0,
737466.0,560.0
737467.0,566.25
737468.0,578.25
737469.0,580.25
737470.0,598.5
737471.0,
737472.0,
737473.0,600.5
737474.0,592.25
737475.0,598.25
737476.0,601.0
737477.0,600.0
737478.0,
737479.0,
737480.0,587.75
737481.0,594.75
737482.0,603.0
737483.0,599.25
737484.0,588.0
737485.0,
737486.0,
737487.0,599.25
737488.0,593.0
737489.0,591.25
737490.0,589.75
737491.0,578.0
737492.0,
737493.0,
737494.0,586.75
737495.0,585.0
737496.0,585.25
737497.0,586.5
737498.0,582.5
737499.0,
737500.0,
737501.0,579.75
737502.0,584.75
737503.0,593.25
737504.0,586.0
737505.0,571.5
737506.0,
737507.0,
737508.0,578.25
737509.0,582.5
737510.0,577.75
737511.0,570.75
737512.0,572.75
737513.0,
737514.0,
737515.0,578.25
737516.0,585.0
737517.0,583.5
737518.0,590.5
737519.0,593.5
737520.0,
737521.0,
737522.0,602.5
737523.0,600.0
737524.0,605.5
737525.0,608.75
737526.0,609.25
737527.0,
737528.0,
737529.0,605.75
737530.0,611.75
737531.0,616.0
737532.0,617.0
737533.0,
737534.0,
737535.0,
737536.0,
737537.0,628.25
737538.0,625.75
737539.0,628.5
737540.0,602.75
737541.0,
737542.0,
737543.0,608.25
737544.0,616.5
737545.0,617.75
737546.0,613.5
737547.0,625.0
737548.0,
737549.0,
737550.0,
737551.0,609.5
737552.0,614.75
737553.0,609.5
737554.0,616.25
737555.0,
737556.0,
737557.0,616.75
737558.0,612.25
737559.0,624.75
737560.0,634.75
737561.0,627.75
737562.0,
737563.0,
737564.0,623.5
737565.0,619.25
737566.0,608.5
737567.0,584.75
737568.0,584.5
737569.0,
737570.0,
737571.0,
737572.0,596.0
737573.0,584.75
737574.0,578.5
737575.0,557.75
737576.0,
737577.0,
737578.0,543.0
737579.0,543.25
737580.0,525.5
737581.0,523.75
737582.0,538.75
737583.0,
737584.0,
737585.0,541.5
737586.0,542.25
737587.0,533.25
737588.0,540.75
737589.0,545.0
737590.0,
737591.0,
737592.0,538.0
737593.0,543.5
737594.0,539.75
737595.0,562.0
737596.0,570.75
737597.0,
737598.0,
737599.0,564.0
737600.0,573.5
737601.0,584.75
737602.0,579.75
737603.0,580.5
737604.0,
737605.0,
737606.0,575.75
737607.0,561.0
737608.0,555.75
737609.0,556.5
737610.0,558.5
737611.0,
737612.0,
737613.0,561.5
737614.0,561.75
737615.0,581.5
737616.0,591.75
737617.0,588.75
737618.0,
737619.0,
737620.0,586.0
737621.0,585.0
737622.0,567.5
737623.0,554.0
737624.0,561.5
737625.0,
737626.0,
737627.0,570.5
737628.0,573.0
737629.0,579.25
737630.0,577.25
737631.0,574.25
737632.0,
737633.0,
737634.0,577.5
737635.0,582.75
737636.0,591.75
737637.0,576.25
737638.0,566.75
737639.0,
737640.0,
737641.0,554.5
737642.0,549.75
737643.0,525.0
737644.0,534.0
737645.0,547.5
737646.0,
737647.0,
737648.0,547.75
737649.0,568.0
737650.0,552.75
737651.0,552.25
737652.0,551.75
737653.0,
737654.0,
737655.0,554.25
737656.0,555.25
737657.0,563.5
737658.0,556.25
737659.0,547.25
737660.0,
737661.0,
737662.0,
737663.0,544.25
737664.0,563.25
737665.0,564.5
737666.0,555.75
737667.0,
737668.0,
737669.0,549.0
737670.0,544.5
737671.0,567.5
737672.0,579.5
737673.0,569.25
737674.0,
737675.0,
737676.0,586.0
737677.0,594.25
737678.0,583.0
737679.0,568.5
737680.0,568.5
737681.0,
737682.0,
737683.0,626.25
737684.0,606.5
737685.0,594.5
737686.0,599.0
737687.0,601.25
737688.0,
737689.0,
737690.0,592.75
737691.0,587.5
737692.0,581.25
737693.0,576.5
737694.0,582.75
737695.0,
737696.0,
737697.0,572.5
737698.0,568.5
737699.0,550.0
737700.0,545.5
737701.0,557.25
737702.0,
737703.0,
737704.0,562.5
737705.0,551.5
737706.0,563.0
737707.0,555.25
737708.0,571.25
737709.0,
737710.0,
737711.0,554.5
737712.0,560.5
737713.0,564.25
737714.0,558.5
737715.0,566.0
737716.0,
737717.0,
737718.0,560.25
737719.0,570.75
737720.0,567.5
737721.0,572.25
737722.0,571.5
737723.0,
737724.0,
737725.0,566.25
737726.0,566.25
737727.0,557.25
737728.0,543.25
737729.0,554.25
737730.0,
737731.0,
737732.0,570.5
737733.0,567.0
737734.0,566.5
737735.0,563.0
737736.0,555.25
737737.0,
737738.0,
737739.0,564.0
737740.0,559.75
737741.0,560.5
737742.0,566.5
737743.0,572.25
737744.0,
737745.0,
737746.0,556.0
737747.0,550.0
737748.0,555.5
737749.0,557.25
737750.0,555.5
737751.0,
737752.0,
737753.0,558.25
737754.0,566.25
737755.0,563.25
737756.0,561.0
737757.0,546.5
737758.0,
737759.0,
737760.0,552.75
737761.0,548.0
737762.0,558.25
737763.0,563.5
737764.0,565.75
737765.0,
737766.0,
737767.0,564.25
737768.0,569.0
737769.0,555.25
737770.0,563.0
737771.0,569.25
737772.0,
737773.0,
737774.0,580.25
737775.0,585.0
737776.0,584.5
737777.0,589.75
737778.0,587.75
737779.0,
737780.0,
737781.0,586.25
737782.0,589.25
737783.0,
737784.0,
737785.0,598.75
737786.0,
737787.0,
737788.0,596.0
737789.0,588.0
737790.0,
737791.0,588.5
737792.0,597.5
737793.0,
737794.0,
737795.0,593.5
737796.0,588.25
737797.0,580.25
737798.0,571.75
737799.0,570.25
737800.0,
737801.0,
737802.0,554.0
737803.0,555.5
737804.0,552.0
737805.0,554.75
737806.0,548.0
737807.0,
737808.0,
737809.0,557.25
737810.0,551.25
737811.0,535.0
737812.0,528.75
737813.0,521.0
737814.0,
737815.0,
737816.0,497.0
737817.0,509.75
737818.0,508.25
737819.0,493.5
737820.0,484.5
737821.0,
737822.0,
737823.0,465.5
737824.0,474.25
737825.0,487.0
737826.0,488.0
737827.0,486.25
737828.0,
737829.0,
737830.0,473.75
737831.0,475.25
737832.0,486.0
737833.0,490.25
737834.0,491.0
737835.0,
737836.0,
737837.0,488.5
737838.0,487.0
737839.0,501.0
737840.0,502.75
737841.0,491.5
737842.0,
737843.0,
737844.0,468.5
737845.0,468.25
737846.0,450.5
737847.0,426.75
737848.0,422.75
737849.0,
737850.0,
737851.0,436.25
737852.0,442.25
737853.0,444.25
737854.0,438.75
737855.0,395.75
737856.0,
737857.0,
737858.0,342.25
737859.0,351.5
737860.0,357.5
737861.0,322.5
737862.0,321.75
737863.0,
737864.0,
737865.0,290.25
737866.0,280.25
737867.0,251.75
737868.0,262.5
737869.0,272.0
737870.0,
737871.0,
737872.0,255.75
737873.0,272.0
737874.0,275.75
737875.0,274.25
737876.0,270.25
737877.0,
737878.0,
737879.0,256.0
737880.0,263.25
737881.0,240.5
737882.0,230.75
737883.0,256.75
737884.0,
737885.0,
737886.0,252.25
737887.0,251.5
737888.0,242.5
737889.0,229.75
737890.0,
737891.0,
737892.0,
737893.0,
737894.0,205.25
737895.0,179.0
737896.0,188.75
737897.0,187.75
737898.0,
737899.0,
737900.0,181.75
737901.0,130.0
737902.0,122.0
737903.0,132.5
737904.0,112.5
737905.0,
737906.0,
737907.0,105.25
737908.0,115.25
737909.0,143.25
737910.0,171.75
737911.0,161.0
737912.0,
737913.0,
737914.0,160.25
737915.0,203.0
737916.0,194.25
737917.0,204.25
737918.0,
737919.0,
737920.0,
737921.0,213.75
737922.0,209.75
737923.0,207.25
737924.0,225.5
737925.0,241.5
737926.0,
737927.0,
737928.0,274.25
737929.0,259.5
737930.0,267.0
737931.0,269.0
737932.0,257.0
737933.0,
737934.0,
737935.0,
737936.0,270.0
737937.0,268.25
737938.0,260.0
737939.0,268.0
737940.0,
737941.0,
737942.0,278.25
737943.0,297.5
737944.0,291.0
737945.0,288.75
737946.0,321.5
737947.0,
737948.0,
737949.0,320.75
737950.0,320.75
737951.0,328.25
737952.0,309.0
737953.0,313.75
737954.0,
737955.0,
737956.0,316.25
737957.0,333.75
737958.0,337.5
737959.0,344.0
737960.0,356.0
737961.0,
737962.0,
737963.0,356.75
737964.0,358.75
737965.0,337.0
737966.0,336.5
737967.0,330.25
737968.0,
737969.0,
737970.0,339.75
737971.0,343.25
737972.0,351.5
737973.0,356.75
737974.0,357.5
737975.0,
737976.0,
737977.0,365.75
737978.0,364.25
737979.0,362.0
737980.0,358.5
737981.0,356.5
737982.0,
737983.0,
737984.0,356.5
737985.0,353.75
737986.0,359.0
737987.0,357.5
737988.0,356.5
737989.0,
737990.0,
737991.0,359.5
737992.0,376.0
737993.0,368.5
737994.0,366.0
737995.0,363.0
737996.0,
737997.0,
737998.0,358.25
737999.0,359.5
738000.0,366.25
738001.0,349.5
738002.0,355.75
738003.0,
738004.0,
738005.0,360.75
738006.0,358.25
738007.0,373.5
738008.0,360.75
738009.0,354.75
738010.0,
738011.0,
738012.0,354.5
738013.0,362.0
738014.0,362.75
738015.0,361.0
738016.0,359.75
738017.0,
738018.0,
738019.0,359.5
738020.0,364.0
738021.0,360.5
738022.0,355.25
738023.0,348.0
738024.0,
738025.0,
738026.0,359.25
738027.0,366.25
738028.0,359.75
738029.0,350.25
738030.0,351.5
738031.0,
738032.0,
738033.0,
738034.0,352.75
738035.0,341.5
738036.0,322.25
738037.0,323.25
738038.0,
738039.0,
738040.0,316.0
738041.0,298.5
738042.0,305.5
738043.0,307.0
738044.0,308.0
738045.0,
738046.0,
738047.0,302.5
738048.0,305.25
738049.0,312.75
738050.0,328.0
738051.0,329.0
738052.0,
738053.0,
738054.0,312.0
738055.0,313.25
738056.0,316.0
738057.0,312.0
738058.0,318.75
738059.0,
738060.0,
738061.0,324.75
738062.0,320.25
738063.0,325.0
738064.0,314.25
738065.0,313.5
738066.0,
738067.0,
738068.0,327.25
738069.0,340.0
738070.0,332.0
738071.0,343.25
738072.0,345.75
738073.0,
738074.0,
738075.0,333.75
738076.0,335.75
738077.0,338.25
738078.0,335.5
738079.0,338.0
738080.0,
738081.0,
738082.0,333.75
738083.0,329.75
738084.0,321.0
738085.0,329.75
738086.0,327.25
738087.0,
738088.0,
738089.0,311.75
738090.0,321.0
738091.0,304.75
738092.0,295.0
738093.0,295.25
738094.0,
738095.0,
738096.0,296.5
738097.0,306.75
738098.0,320.5
738099.0,319.5
738100.0,317.5
738101.0,
738102.0,
738103.0,338.25
738104.0,346.75
738105.0,355.5
738106.0,350.0
738107.0,341.25
738108.0,
738109.0,
738110.0,350.0
738111.0,346.25
738112.0,357.5
738113.0,354.75
738114.0,356.5
738115.0,
738116.0,
738117.0,367.75
738118.0,386.75
738119.0,387.0
738120.0,386.75
738121.0,388.0
738122.0,
738123.0,
738124.0,383.0
738125.0,383.5
738126.0,387.25
738127.0,393.5
738128.0,396.0
738129.0,
738130.0,
738131.0,401.5
738132.0,401.0
738133.0,397.5
738134.0,413.25
738135.0,409.0
738136.0,
738137.0,
738138.0,406.25
738139.0,416.25
738140.0,416.0
738141.0,423.25
738142.0,429.5
738143.0,
738144.0,
738145.0,409.25
738146.0,412.5
738147.0,421.0
738148.0,417.5
738149.0,
738150.0,
738151.0,
738152.0,
738153.0,419.25
738154.0,420.25
738155.0,416.25
738156.0,
738157.0,
738158.0,
738159.0,416.0
738160.0,428.0
738161.0,431.75
738162.0,432.5
738163.0,441.25
738164.0,
738165.0,
738166.0,443.75
738167.0,455.5
738168.0,454.5
738169.0,453.75
738170.0,445.0
738171.0,
738172.0,
738173.0,446.25
738174.0,451.25
738175.0,448.0
738176.0,443.0
738177.0,434.25
738178.0,
738179.0,
738180.0,432.0
738181.0,434.0
738182.0,438.75
738183.0,434.0
738184.0,432.5
738185.0,
738186.0,
738187.0,438.75
738188.0,456.5
738189.0,462.25
738190.0,461.25
738191.0,474.0
738192.0,
738193.0,
738194.0,480.25
738195.0,483.0
738196.0,487.25
738197.0,487.0
738198.0,486.25
738199.0,
738200.0,
738201.0,500.75
738202.0,494.0
738203.0,497.75
738204.0,506.25
738205.0,502.0
738206.0,
738207.0,
738208.0,505.0
738209.0,511.25
738210.0,521.5
738211.0,524.0
738212.0,515.0
738213.0,
738214.0,
738215.0,509.0
738216.0,501.5
738217.0,505.0
738218.0,523.25
738219.0,537.25
738220.0,
738221.0,
738222.0,536.0
738223.0,528.25
738224.0,521.25
738225.0,536.25
738226.0,540.75
738227.0,
738228.0,
738229.0,531.75
738230.0,526.25
738231.0,520.5
738232.0,504.0
738233.0,499.5
738234.0,
738235.0,
738236.0,503.0
738237.0,484.0
738238.0,492.25
738239.0,471.5
738240.0,495.5
738241.0,
738242.0,
738243.0,490.0
738244.0,492.75
738245.0,491.75
738246.0,484.5
738247.0,
738248.0,
738249.0,
738250.0,
738251.0,492.0
738252.0,484.0
738253.0,490.5
738254.0,493.25
738255.0,
738256.0,
738257.0,492.75
738258.0,490.75
738259.0,510.25
738260.0,512.25
738261.0,515.5
738262.0,
738263.0,
738264.0,514.25
738265.0,505.5
738266.0,506.25
738267.0,507.0
738268.0,511.25
738269.0,
738270.0,
738271.0,505.75
738272.0,508.25
738273.0,522.5
738274.0,525.5
738275.0,515.0
738276.0,
738277.0,
738278.0,
738279.0,533.75
738280.0,542.5
738281.0,537.5
738282.0,537.5
738283.0,
738284.0,
738285.0,539.0
738286.0,541.5
738287.0,552.25
738288.0,531.5
738289.0,538.0
738290.0,
738291.0,
738292.0,540.25
738293.0,542.25
738294.0,519.25
738295.0,522.5
738296.0,523.5
738297.0,
738298.0,
738299.0,534.25
738300.0,537.0
738301.0,540.0
738302.0,540.5
738303.0,544.25
738304.0,
738305.0,
738306.0,
738307.0,552.0
738308.0,559.0
738309.0,560.0
738310.0,566.75
738311.0,
738312.0,
738313.0,566.25
738314.0,567.25
738315.0,571.75
738316.0,574.5
738317.0,574.75
738318.0,
738319.0,
738320.0,579.5
738321.0,582.75
738322.0,591.75
738323.0,577.25
738324.0,579.25
738325.0,
738326.0,
738327.0,582.0
738328.0,587.0
738329.0,594.0
738330.0,590.0
738331.0,592.75
738332.0,
738333.0,
738334.0,587.5
738335.0,587.75
738336.0,585.25
738337.0,594.25
738338.0,600.0
738339.0,
738340.0,
738341.0,604.5
738342.0,590.25
738343.0,577.25
738344.0,584.0
738345.0,602.25
738346.0,
738347.0,
738348.0,598.75
738349.0,605.75
738350.0,606.0
738351.0,595.25
738352.0,590.5
738353.0,
738354.0,
738355.0,552.0
738356.0,554.0
738357.0,575.5
738358.0,584.5
738359.0,591.5
738360.0,
738361.0,
738362.0,591.75
738363.0,592.5
738364.0,592.75
738365.0,601.0
738366.0,605.0
738367.0,
738368.0,
738369.0,588.5
738370.0,583.75
738371.0,574.25
738372.0,576.75
738373.0,572.75
738374.0,
738375.0,
738376.0,554.5
738377.0,571.75
738378.0,567.75
738379.0,574.25
738380.0,573.5
738381.0,
738382.0,
738383.0,562.25
738384.0,565.0
738385.0,561.5
738386.0,534.0
738387.0,537.0
738388.0,
738389.0,
738390.0,559.75
738391.0,577.0
738392.0,581.25
738393.0,580.0
738394.0,588.75
738395.0,
738396.0,
738397.0,
738398.0,590.5
738399.0,584.0
738400.0,602.25
738401.0,599.75
738402.0,
738403.0,
738404.0,593.25
738405.0,589.0
738406.0,592.0
738407.0,592.5
738408.0,595.25
738409.0,
738410.0,
738411.0,601.5
738412.0,601.25
738413.0,619.25
738414.0,615.25
738415.0,617.5
738416.0,
738417.0,
738418.0,613.25
738419.0,606.0
738420.0,622.75
738421.0,633.5
738422.0,639.25
738423.0,
738424.0,
738425.0,653.5
738426.0,648.25
738427.0,650.75
738428.0,660.75
738429.0,657.25
738430.0,
738431.0,
738432.0,683.5
738433.0,705.0
738434.0,688.75
738435.0,690.5
738436.0,702.75
738437.0,
738438.0,
738439.0,712.25
738440.0,704.75
738441.0,710.0
738442.0,713.75
738443.0,728.75
738444.0,
738445.0,
738446.0,719.5
738447.0,717.5
738448.0,722.5
738449.0,706.0
738450.0,716.75
738451.0,
738452.0,
738453.0,728.5
738454.0,727.0
738455.0,710.75
738456.0,691.5
738457.0,695.25
738458.0,
738459.0,
738460.0,700.0
738461.0,697.25
738462.0,678.25
738463.0,686.0
738464.0,697.0
738465.0,
738466.0,
738467.0,702.75
738468.0,708.75
738469.0,704.5
738470.0,683.5
738471.0,676.5
738472.0,
738473.0,
738474.0,667.5
738475.0,682.75
738476.0,671.25
738477.0,666.75
738478.0,638.5
738479.0,
738480.0,
738481.0,655.25
738482.0,666.5
738483.0,673.75
738484.0,669.5
738485.0,587.0
738486.0,
738487.0,
738488.0,606.25
738489.0,581.25
738490.0,596.75
738491.0,593.25
738492.0,602.5
738493.0,
738494.0,
738495.0,609.25
738496.0,635.5
738497.0,636.5
738498.0,630.5
738499.0,625.75
738500.0,
738501.0,
738502.0,628.75
738503.0,623.25
738504.0,616.0
738505.0,637.25
738506.0,625.25
738507.0,
738508.0,
738509.0,590.25
738510.0,622.25
738511.0,631.75
738512.0,645.5
738513.0,637.25
738514.0,
738515.0,
738516.0,
738517.0,
738518.0,659.0
738519.0,666.75
738520.0,654.75
738521.0,
738522.0,
738523.0,
738524.0,673.75
738525.0,690.75
738526.0,699.25
738527.0,700.25
738528.0,
738529.0,
738530.0,698.5
738531.0,713.5
738532.0,726.5
738533.0,727.75
738534.0,737.75
738535.0,
738536.0,
738537.0,749.0
738538.0,752.0
738539.0,761.5
738540.0,760.0
738541.0,755.25
738542.0,
738543.0,
738544.0,733.75
738545.0,742.0
738546.0,765.25
738547.0,765.0
738548.0,775.0
738549.0,
738550.0,
738551.0,767.0
738552.0,771.5
738553.0,769.25
738554.0,786.0
738555.0,814.75
738556.0,
738557.0,
738558.0,812.5
738559.0,782.0
738560.0,798.5
738561.0,805.75
738562.0,807.25
738563.0,
738564.0,
738565.0,816.75
738566.0,793.5
738567.0,812.0
738568.0,784.75
738569.0,785.5
738570.0,
738571.0,
738572.0,796.75
738573.0,809.25
738574.0,808.0
738575.0,859.5
738576.0,812.0
738577.0,
738578.0,
738579.0,848.5
738580.0,910.25
738581.0,980.0
738582.0,1021.25
738583.0,1072.25
738584.0,
738585.0,
738586.0,1162.0
738587.0,1294.75
738588.0,1145.0
738589.0,972.5
738590.0,979.25
738591.0,
738592.0,
738593.0,930.5
738594.0,873.75
738595.0,887.25
738596.0,1012.75
738597.0,1027.0
738598.0,
738599.0,
738600.0,1108.5
738601.0,1110.5
738602.0,1180.25
738603.0,1172.25
738604.0,1149.25
738605.0,
738606.0,
738607.0,1076.25
738608.0,1021.0
738609.0,1044.25
738610.0,1016.5
738611.0,1046.75
738612.0,
738613.0,
738614.0,1098.25
738615.0,1055.0
738616.0,1036.0
738617.0,973.75
738618.0,1005.75
738619.0,
738620.0,
738621.0,999.0
738622.0,1044.5
738623.0,1063.75
738624.0,1115.25
738625.0,
738626.0,
738627.0,
738628.0,
738629.0,1096.0
738630.0,1112.75
738631.0,1073.25
738632.0,1078.5
738633.0,
738634.0,
738635.0,1018.75
738636.0,1081.25
738637.0,1115.25
738638.0,1133.5
738639.0,1161.75
738640.0,
738641.0,
738642.0,
738643.0,1118.0
738644.0,1128.75
738645.0,1131.25
738646.0,1096.0
738647.0,
738648.0,
738649.0,1041.5
738650.0,1044.25
738651.0,1089.5
738652.0,1056.25
738653.0,1086.75
738654.0,
738655.0,
738656.0,1077.75
738657.0,1077.75
738658.0,1032.5
738659.0,1027.25
738660.0,1044.0
738661.0,
738662.0,
738663.0,1044.25
738664.0,1059.0
738665.0,1077.25
738666.0,1124.25
738667.0,1128.5
738668.0,
738669.0,
738670.0,1150.5
738671.0,1198.0
738672.0,1227.75
738673.0,
738674.0,
738675.0,
738676.0,
738677.0,1295.5
738678.0,1290.25
738679.0,1287.5
738680.0,1326.5
738681.0,1300.0
738682.0,
738683.0,
738684.0,1278.5
738685.0,1305.0
738686.0,1330.25
738687.0,1308.5
738688.0,1304.75
738689.0,
738690.0,
738691.0,1319.75
738692.0,1324.75
738693.0,1298.25
738694.0,1300.0
738695.0,1312.0
738696.0,
738697.0,
738698.0,1273.0
738699.0,1227.25
738700.0,1227.0
738701.0,1163.5
738702.0,1224.75
738703.0,
738704.0,
738705.0,1232.75
738706.0,1143.5
738707.0,1070.75
738708.0,1110.0
738709.0,1105.25
738710.0,
738711.0,
738712.0,1142.75
738713.0,1095.5
738714.0,1122.5
738715.0,1098.75
738716.0,1129.0
738717.0,
738718.0,
738719.0,1113.75
738720.0,1066.25
738721.0,1069.25
738722.0,1023.5
738723.0,1044.25
738724.0,
738725.0,
738726.0,1026.5
738727.0,1041.75
738728.0,1065.5
738729.0,1067.5
738730.0,1065.25
738731.0,
738732.0,
738733.0,972.25
738734.0,954.75
738735.0,971.0
738736.0,935.75
738737.0,920.25
738738.0,
738739.0,
738740.0,886.0
738741.0,924.5
738742.0,920.5
738743.0,959.75
738744.0,990.0
738745.0,
738746.0,
738747.0,964.5
738748.0,962.25
738749.0,982.25
738750.0,1014.0
738751.0,1031.5
738752.0,
738753.0,
738754.0,1042.25
738755.0,1065.75
738756.0,1111.25
738757.0,1113.25
738758.0,1123.75
738759.0,
738760.0,
738761.0,
738762.0,1054.25
738763.0,1035.5
738764.0,988.25
738765.0,1020.25
738766.0,
738767.0,
738768.0,1061.25
738769.0,1003.0
738770.0,1011.25
738771.0,986.0
738772.0,1015.0
738773.0,
738774.0,
738775.0,1046.25
738776.0,1009.5
738777.0,949.25
738778.0,884.75
738779.0,911.0
738780.0,
738781.0,
738782.0,
738783.0,932.5
738784.0,921.0
738785.0,952.0
738786.0,910.25
738787.0,
738788.0,
738789.0,877.0
738790.0,895.75
738791.0,950.75
738792.0,953.5
738793.0,933.25
738794.0,
738795.0,
738796.0,961.5
738797.0,1024.0
738798.0,1092.5
738799.0,1101.0
738800.0,1147.0
738801.0,
738802.0,
738803.0,1120.25
738804.0,1033.75
738805.0,1075.75
738806.0,1084.75
738807.0,1059.0
738808.0,
738809.0,
738810.0,1079.5
738811.0,1074.25
738812.0,1045.25
738813.0,1045.75
738814.0,1025.0
738815.0,
738816.0,
738817.0,1057.75
738818.0,1039.25
738819.0,1054.5
738820.0,1051.5
738821.0,1054.75
738822.0,
738823.0,
738824.0,1014.5
738825.0,976.25
738826.0,979.75
738827.0,1020.5
738828.0,1032.75
738829.0,
738830.0,
738831.0,1023.25
738832.0,1008.25
738833.0,965.5
738834.0,942.75
738835.0,943.25
738836.0,
738837.0,
738838.0,949.0
738839.0,943.0
738840.0,944.0
738841.0,909.0
738842.0,896.75
738843.0,
738844.0,
738845.0,868.0
738846.0,897.25
738847.0,874.0
738848.0,871.25
738849.0,867.5
738850.0,
738851.0,
738852.0,837.5
738853.0,845.0
738854.0,885.0
738855.0,901.25
738856.0,863.5
738857.0,
738858.0,
738859.0,838.5
738860.0,771.75
738861.0,757.25
738862.0,752.75
738863.0,763.25
738864.0,
738865.0,
738866.0,792.0
738867.0,831.0
738868.0,866.75
738869.0,867.0
738870.0,828.75
738871.0,
738872.0,
738873.0,821.75
738874.0,809.5
738875.0,832.0
738876.0,836.5
738877.0,847.5
738878.0,
738879.0,
738880.0,
738881.0,
738882.0,858.5
738883.0,865.5
